3DQYSJDTYLBEGHZ3WN8P0ZR7IU4EXP,( Hyatt Regency St. Louis at The Arch), ( None),( list_secondary),3C8HJ7UOP7U3KKPP45PVZC7CD6GMZE,Approved,303.0,None,None
3DQYSJDTYLBEGHZ3WN8P0ZR7IU4EXP,( Hyatt Regency St. Louis at The Arch), ( None),( list_secondary),3ZWFC4W1UU7OCJBH81R5IJL47ONFR9,Approved,46.0,None,None
3DQYSJDTYLBEGHZ3WN8P0ZR7IU4EXP,( Hyatt Regency St. Louis at The Arch), ( None),( list_secondary),3N4BPTXIO8SR8XVCD6D7370TMJ9KUL,Approved,11.0,VA; 915 N Grand Blvd,None
3DQYSJDTYLBEGHZ3WN8P0ZR7IU4EXP,( Hyatt Regency St. Louis at The Arch), ( None),( list_secondary),3NJM2BJS4W6WXUBS47XF5I0M9T8PCH,Approved,60.0,None,None
3DQYSJDTYLBEGHZ3WN8P0ZR7IU4EXP,( Hyatt Regency St. Louis at The Arch), ( None),( list_secondary),3KAKFY4PGU2G38S5YJWU3IVGH223IN,Approved,74.0,Veterans Affairs Med Center; 915 North Grand,None
3DQYSJDTYLBEGHZ3WN8P0ZR7IU4EXP,( Hyatt Regency St. Louis at The Arch), ( None),( list_secondary),3FIJLY1B6U4306V2V9NGDOLP663PFV,Approved,358.0,Hope Recovery Center VA Medical Center; 515 N Jefferson Ave{{NEWENTRY}}SSM Health Medical Group; 916 Olive St.{{NEWENTRY}}Barnes Jewish Hospital; 1200 Market St,None
3DQYSJDTYLBEGHZ3WN8P0ZR7IU4EXP,( Hyatt Regency St. Louis at The Arch), ( None),( list_secondary),3YDGXNSEOZU8WYZWPBPM0YT8S6V483,Approved,181.0,"Slucare Neurology And Psychiatry; 1438 S Grand Blvd, St. Louis, MO 63104{{NEWENTRY}}St. Alexius Hospital; 3933 S Broadway, St. Louis, MO 63118{{NEWENTRY}}Kindred Hospital St. Louis; 4930 Lindell Blvd, St. Louis, MO 63108{{NEWENTRY}}Children's Miracle Network Hospitals of Greater St. Louis; 5700 Oakland Ave #220, St. Louis, MO 63110",None
3DQYSJDTYLBEGHZ3WN8P0ZR7IU4EXP,( Hyatt Regency St. Louis at The Arch), ( None),( list_secondary),3IHR8NYAM71T2QYDBSRXMKOYHHYP4D,Approved,76.0,St. Alexius Hospital; 3933 S Broadway,None
3DQYSJDTYLBEGHZ3WN8P0ZR7IU4EXP,( Hyatt Regency St. Louis at The Arch), ( None),( list_secondary),3I33IC7ZWF2CC8DOIVQC3A25YH3A2N,Approved,25.0,None,None
3O2Y2UIUCQU02V0SSFD6SN45YM4KFO,( Residence Inn St Louis), ( None),( list_secondary),3FE2ERCCZX8X6J8VUC660IU3Y7QPOD,Approved,200.0,"Barnes-Jewish Hospital, 4353 Clayton Ave{{NEWENTRY}}SLUCare Physician Group, 1438 S Grand Blvd{{NEWENTRY}}SSM Health Saint Louis University Hospital, 3635 Vista Ave",None
3O2Y2UIUCQU02V0SSFD6SN45YM4KFO,( Residence Inn St Louis), ( None),( list_secondary),3GNCZX450IN84FEUKT1OZNAY9QNPAF,Approved,11.0,VA; 915 N Grand Blvd,None
3O2Y2UIUCQU02V0SSFD6SN45YM4KFO,( Residence Inn St Louis), ( None),( list_secondary),3A1PQ49WVHHKXA365X0QFDF4J591H0,Approved,811.0,Saint Louis University Hosp; 3635 Vista At Grand Blvd{{NEWENTRY}}SSM Cardinal Glennon Child Ctr; 1465 South Grand Blvd{{NEWENTRY}}Veterans Affairs Med Center; 915 North Grand {{NEWENTRY}}Rehab Institute of St Louis; 4455 Duncan Ave{{NEWENTRY}}St Louis Children's Hospital; One Children's Pl,None
3O2Y2UIUCQU02V0SSFD6SN45YM4KFO,( Residence Inn St Louis), ( None),( list_secondary),33C7UALJVLYR4Z2D2T6K20M5GML18N,Approved,515.0,Saint Louis University Hospital; 3635 Vista Ave{{NEWENTRY}}SSM Cardinal Glennon CHild Center; 1465 S Grand Blvd{{NEWENTRY}}John Cochran Division - VA St. Louis Health Care System; 915 N Grand Blvd{{NEWENTRY}}St. Louis Children's Hospital; One Children's Place{{NEWENTRY}}Barnes Jewish Hospital; 4353 Clayton Ave,None
3O2Y2UIUCQU02V0SSFD6SN45YM4KFO,( Residence Inn St Louis), ( None),( list_secondary),3483FV8BEEJBP61LSI90N50J2XB62P,Approved,103.0,"Shriners Hospitals for Children  St. Louis; 4400 Clayton Ave, St. Louis, MO 63110{{NEWENTRY}}Barnes-Jewish Hospital; 1 Barnes Jewish Hospital Plaza, St. Louis, MO 63110{{NEWENTRY}}SSM Health Saint Louis University Hospital; 3635 Vista Ave, St. Louis, MO 63110{{NEWENTRY}}SSM Health Cardinal Glennon Children's Hospital; 1465 S Grand Blvd, St. Louis, MO 63104",None
3O2Y2UIUCQU02V0SSFD6SN45YM4KFO,( Residence Inn St Louis), ( None),( list_secondary),3B1NLC6UGZW9E6RX6TTYV9L17M7GPR,Approved,108.0,None,None
3O2Y2UIUCQU02V0SSFD6SN45YM4KFO,( Residence Inn St Louis), ( None),( list_secondary),30H4UDGLT2I96GNJHWRT8E5Y38JMP5,Approved,74.0,None,None
3O2Y2UIUCQU02V0SSFD6SN45YM4KFO,( Residence Inn St Louis), ( None),( list_secondary),3U0SRXB7CD500BOY6PAIQOUD9GPNR6,Approved,351.0,"SSM Health Saint Louis University Hospital;3635 Vista Ave{{NEWENTRY}}SSM Health Cardinal Glennon Children's Hospital; 1465 S Grand Blvd{{NEWENTRY}}Slucare Neurology And Psychiatry; 1438 S Grand Blvd{{NEWENTRY}}John Cochran Division - VA; 915 N Grand Blvd{{NEWENTRY}}St. Louis University Hospital: Cardiology, Heart Surgeons and Heart Doctors; 3635 Vista Ave",None
3O2Y2UIUCQU02V0SSFD6SN45YM4KFO,( Residence Inn St Louis), ( None),( list_secondary),3EWIJTFFVO786BRMJDOKG5ZHMYUE0F,Approved,551.0,Barnes-Jewish Hospital; 4353 Clayton Ave{{NEWENTRY}}Barnes-Jewish Hospital; 1 Barnes Jewish Hospital Plaza{{NEWENTRY}}Cardinal Glennon Childrens Hospital; 1465 S Grand Blvd,None
37NXA7GVST60IY40DUUBP9K6BGXVLQ,( Parkway), ( None),( list_secondary),3UJ1CZ6IZHP8B1I5HEE1MHZN4WR5S3,Approved,276.0,"Barnes-Jewish Hospital, 1 Barnes Jewish Hospital Plaza{{NEWENTRY}}SLUCare Physician Group, 1438 S Grand Blvd{{NEWENTRY}}Kindred Hospital St. Louis, 2930 Lindell Blvd{{NEWENTRY}}Washington University Hospital, 1 Barnes Jewish Hospital Plaza{{NEWENTRY}}VA St. Louis Health Care System, 915 N Grand Blvd{{NEWENTRY}}St. Louis Children's Hospital, 1 Children Pl{{NEWENTRY}}SSM Health DePaul Hospital, 12303 De Paul Dr",None
37NXA7GVST60IY40DUUBP9K6BGXVLQ,( Parkway), ( None),( list_secondary),37TRT2X24QRH1EGOVUW0X28SI91JB3,Approved,22.0,None,None
37NXA7GVST60IY40DUUBP9K6BGXVLQ,( Parkway), ( None),( list_secondary),3CFVK00FWLLHQSNT2OR521ZS8XX6L9,Approved,183.0,Barnes-Jewish Hospital; 1 Barnes-Jewish Hosp Plaza {{NEWENTRY}}Kindred Hospital-St Louis; 4930 Lindell Boulevard {{NEWENTRY}}St Louis Children's Hospital; One Children's Place,None
37NXA7GVST60IY40DUUBP9K6BGXVLQ,( Parkway), ( None),( list_secondary),3B837J3LDOWXGOG3ELR4PI4JWEISR6,Approved,412.0,Kindred Hospital St. Louis; 4930 Lindell Blvd{{NEWENTRY}}John Cochran Division - VA St. Louis Health Care System; 915 N Grand Blvd{{NEWENTRY}}SLUCare Physician Group; Monteleone Hall{{NEWENTRY}}Barnes-Jewish Hospital; 1 Barnes Jewish Hospital Plaza{{NEWENTRY}}The Rehabilitation Institute of St. Louis - Central West End; 4455 Duncan Ave{{NEWENTRY}}Washington University Hospital; 1 Barnes Jewish Hospital Plaza{{NEWENTRY}}Saint Louis Children's Hospital-Neurology Department; 1 Childrens Pl{{NEWENTRY}}Shriners Hospitals for Children  St. Louis; 4400 Clayton Ave{{NEWENTRY}}St. Louis Children's Hospital; 660 S Euclid Ave{{NEWENTRY}}Barnes-Jewish Center for Advanced Medicine; 4921 Parkview Pl,None
37NXA7GVST60IY40DUUBP9K6BGXVLQ,( Parkway), ( None),( list_secondary),3OS46CRSLFZKMXZNGSTBPAXUZVYV6G,Approved,625.0,St Louis Children's Hospital; 1 Childrens' Place{{NEWENTRY}}Shriners Hospital for Children; 4400 Clayton Ave{{NEWENTRY}}Barnes-Jewish Hospital; 1 Barnes Jewish Hospital Plaza{{NEWENTRY}}SSM Health St. Mary's; 6420 Clayton Rd{{NEWENTRY}}SSM Health Cardinal Glennon Children's Hospital; 1465 S. Grand Blvd.,None
37NXA7GVST60IY40DUUBP9K6BGXVLQ,( Parkway), ( None),( list_secondary),39U1BHVTDLR6CM8GSVVYHPXPSJJT3V,Approved,199.0,"Barnes Jewish Hospital Surgery Clinics; 4940 Forest Park Ave #420, St. Louis, MO 63108{{NEWENTRY}}Barnes-Jewish Hospital; 1 Barnes Jewish Hospital Plaza, St. Louis, MO 63110{{NEWENTRY}}SSM Health Saint Louis University Hospital;  3635 Vista Ave, St. Louis, MO 63110{{NEWENTRY}}Barnes-jewish hospital north; 224 S Euclid Ave, St. Louis, MO 63110",None
37NXA7GVST60IY40DUUBP9K6BGXVLQ,( Parkway), ( None),( list_secondary),3XCC1ODXDLBL381QMH2ZUIPIEQ3QRL,Approved,90.0,None,None
37NXA7GVST60IY40DUUBP9K6BGXVLQ,( Parkway), ( None),( list_secondary),3ZSANO2JCF70DYBUNQRA8TQ0TREFS7,Approved,114.0,Barnes-Jewish Hospital; 1 Barnes Jewish Hospital Plaza,None
37NXA7GVST60IY40DUUBP9K6BGXVLQ,( Parkway), ( None),( list_secondary),3KYQYYSHYV7OHM55P3FB0ODEKPZDO1,Approved,186.0,"Saint Marys; 6420 Clayton Ave, St. Louis, MO 63139, USA{{NEWENTRY}}Kindred Hospital St. Louis; 4930 Lindell Blvd, St. Louis, MO 63108, USA{{NEWENTRY}}Barnes Jewish Hospital Surgery Clinics; 4940 Forest Park Ave #420, St. Louis, MO 63108, USA{{NEWENTRY}}BJC Central Medical Group; 4921 Parkview Pl Suite 14A, St. Louis, MO 63110, USA{{NEWENTRY}}The Rehabilitation Institute of St. Louis - Central West End; 4455 Duncan Ave, St. Louis, MO 63110, USA{{NEWENTRY}}Shriners Hospitals for Children  St. Louis; 4400 Clayton Ave, St. Louis, MO 63110, USA",None
309D674SHZLS6GCOV0ACLE0CEF3CBL,( Marriott St. Louis Grand), ( None),( list_secondary),3Y4W8Q93LZKJ76E2QF1PVG7MGHKDVP,Approved,51.0,None,None
309D674SHZLS6GCOV0ACLE0CEF3CBL,( Marriott St. Louis Grand), ( None),( list_secondary),3IX2EGZR7BJ4HLXDRRIQXHDW0V5JRH,Approved,19.0,VA; 915 N Grand Blvd,None
309D674SHZLS6GCOV0ACLE0CEF3CBL,( Marriott St. Louis Grand), ( None),( list_secondary),3WS1NTTKEYC0CPRIEO8QYNKHYYQ0FY,Approved,29.0,None,None
309D674SHZLS6GCOV0ACLE0CEF3CBL,( Marriott St. Louis Grand), ( None),( list_secondary),3W92K5RLWUHO3TZ9B9J6X4JU30OV51,Approved,236.0,"St. Louis Children's Hospital; 1 Childrens Pl, St. Louis, MO 63119",None
309D674SHZLS6GCOV0ACLE0CEF3CBL,( Marriott St. Louis Grand), ( None),( list_secondary),3WAKVUDHUWG3DIOSUCOYZ2V7GZDU7T,Approved,174.0,"SSM Health Saint Louis University Hospital; 3635 Vista Ave, St. Louis, MO 63110{{NEWENTRY}}Slucare Neurology And Psychiatry; 1438 S Grand Blvd, St. Louis, MO 63104{{NEWENTRY}}SSM Health Cardinal Glennon Children's Hospital; 1465 S Grand Blvd, St. Louis, MO 63104{{NEWENTRY}}St. Alexius Hospital; 3933 S Broadway, St. Louis, MO 63118",None
309D674SHZLS6GCOV0ACLE0CEF3CBL,( Marriott St. Louis Grand), ( None),( list_secondary),36NEMU28XFDZQPKKTI5O08DUW4LMWX,Approved,304.0,None,None
309D674SHZLS6GCOV0ACLE0CEF3CBL,( Marriott St. Louis Grand), ( None),( list_secondary),3WJEQKOXA825NNVSZRQYYRS06BO1AW,Approved,255.0,Hope Recovery Center VA Medical Center; 515 N Jefferson Ave.{{NEWENTRY}}VA Medical Center; 915 N Grand Blvd{{NEWENTRY}}Barnes Jewish Hospital; 1200 Market St.,None
309D674SHZLS6GCOV0ACLE0CEF3CBL,( Marriott St. Louis Grand), ( None),( list_secondary),3DPNQGW4LLFLSKG8WWSOGKXHMC846M,Approved,85.0,St. Alexius Hospital; 3933 S Broadway,None
3YLTXLH3DF6LRIOE0X6ERP2H8BNHPK,( Drury Plaza at the Arch), ( None),( list_secondary),34BBWHLWHABDU6UT837W8F6DFVVIW7,Approved,30.0,VA St Louis Health Care System; 915 N Grand Blvd,None
3YLTXLH3DF6LRIOE0X6ERP2H8BNHPK,( Drury Plaza at the Arch), ( None),( list_secondary),3HFNH7HEMHEUEISC668NVEBBCHMGQ9,Approved,79.0,None,None
3YLTXLH3DF6LRIOE0X6ERP2H8BNHPK,( Drury Plaza at the Arch), ( None),( list_secondary),3OUYGIZWR7YC32GCSR4VAHYL04BP0O,Approved,36.0,None,None
3YLTXLH3DF6LRIOE0X6ERP2H8BNHPK,( Drury Plaza at the Arch), ( None),( list_secondary),36ZN444YTRY5PXLRHHGMRLTRCTWOI1,Approved,264.0,"Veterans Affairs Med Center; 915 North Grand {{NEWENTRY}}Saint Louis, MO 63106-1621",None
3YLTXLH3DF6LRIOE0X6ERP2H8BNHPK,( Drury Plaza at the Arch), ( None),( list_secondary),33PPUNGG385UH02H9DLCLB1MJTHRZ9,Approved,210.0,"Barnes-Jewish Hospital; 1 Barnes Jewish Hospital Plaza, St. Louis, MO 63110{{NEWENTRY}}Slucare Neurology And Psychiatry; 1438 S Grand Blvd, St. Louis, MO 63104{{NEWENTRY}}St. Alexius Hospital; 3933 S Broadway, St. Louis, MO 63118{{NEWENTRY}}Barnes-Jewish Plaza Tower; 1 Barnes Jewish Hospital Plaza, St. Louis, MO 63110",None
3YLTXLH3DF6LRIOE0X6ERP2H8BNHPK,( Drury Plaza at the Arch), ( None),( list_secondary),3E1QT0TDFP9245YBA0RQUZ3RXOX8IN,Approved,53.0,Hope Recovery Center VA Medical Center; 515 N Jefferson Ave,None
3YLTXLH3DF6LRIOE0X6ERP2H8BNHPK,( Drury Plaza at the Arch), ( None),( list_secondary),3OLQQLKKNSPF8HS85LYQYAEDL7NEJ9,Approved,39.0,None,None
3YLTXLH3DF6LRIOE0X6ERP2H8BNHPK,( Drury Plaza at the Arch), ( None),( list_secondary),3TS1AR6UQQEEU0R2ZNTZD2U46D2F7L,Approved,127.0,SLUCare Physician Group; 1438 S Grand Blvd,None
3YLTXLH3DF6LRIOE0X6ERP2H8BNHPK,( Drury Plaza at the Arch), ( None),( list_secondary),36U2A8VAG1Z8P6FHN7AW6S66I8XYKC,Approved,251.0,None,None
3E9VAUV7BWE0Q981LES5NU8PZL0YAK,( Hampton Inn St Louis Downtown), ( None),( list_secondary),39LNWE0K4UW0225OD3SVQRLGUFIIU6,Approved,332.0,None,None
3E9VAUV7BWE0Q981LES5NU8PZL0YAK,( Hampton Inn St Louis Downtown), ( None),( list_secondary),39ZSFO5CA8WWXDPUVLDV2S0G7U8JUK,Approved,29.0,VA St Louis Health Care System; 915 N Grand Blvd,None
3E9VAUV7BWE0Q981LES5NU8PZL0YAK,( Hampton Inn St Louis Downtown), ( None),( list_secondary),36NEMU28XFDZQPKKTI5O08DUW4EWM0,Approved,55.0,None,None
3E9VAUV7BWE0Q981LES5NU8PZL0YAK,( Hampton Inn St Louis Downtown), ( None),( list_secondary),39PAAFCODM0QOVAZC5140KP8J38VTQ,Approved,67.0,None,None
3E9VAUV7BWE0Q981LES5NU8PZL0YAK,( Hampton Inn St Louis Downtown), ( None),( list_secondary),3WYGZ5XF3WFBTK38O1I7O6I51MPSKE,Approved,33.0,None,None
3E9VAUV7BWE0Q981LES5NU8PZL0YAK,( Hampton Inn St Louis Downtown), ( None),( list_secondary),3AAPLD8UCCHL6UFF7GK0LJYZBO2TH3,Approved,118.0,"SSM Health Saint Louis University Hospital; 3635 Vista Ave, St. Louis, MO 63110{{NEWENTRY}}Slucare Neurology And Psychiatry; 1438 S Grand Blvd, St. Louis, MO 63104",None
3E9VAUV7BWE0Q981LES5NU8PZL0YAK,( Hampton Inn St Louis Downtown), ( None),( list_secondary),3ZSANO2JCF70DYBUNQRA8TQ0TQDSFH,Approved,101.0,St. Alexius Hospital; 3933 S Broadway,None
3E9VAUV7BWE0Q981LES5NU8PZL0YAK,( Hampton Inn St Louis Downtown), ( None),( list_secondary),3WT783CTPBHUT0AIL2FEAYVXSQ1BCS,Approved,56.0,None,None
3YCT0L9OMM9AE6QHVC5LRE4OH73SNK,( Four Seasons Saint Louis), ( None),( list_secondary),3SEPORI8WNZ2IJG072ZQQLCCJPSZA8,Approved,81.0,None,None
3YCT0L9OMM9AE6QHVC5LRE4OH73SNK,( Four Seasons Saint Louis), ( None),( list_secondary),3WS1NTTKEYC0CPRIEO8QYNKHYYO0FW,Approved,19.0,None,None
3YCT0L9OMM9AE6QHVC5LRE4OH73SNK,( Four Seasons Saint Louis), ( None),( list_secondary),3YHH42UU5BFMCH1E0ZBOT0P1VUAL0M,Approved,8.0,VA; 915 N Grand Blvd,None
3YCT0L9OMM9AE6QHVC5LRE4OH73SNK,( Four Seasons Saint Louis), ( None),( list_secondary),3CP1TO84PT1F6217NZZVVZMJ62V250,Approved,35.0,None,None
3YCT0L9OMM9AE6QHVC5LRE4OH73SNK,( Four Seasons Saint Louis), ( None),( list_secondary),3NOKK93PR187X16GRKNZ1U1LGYLEEG,Approved,210.0,"SSM Health Saint Louis University Hospital; 3635 Vista Ave, St. Louis, MO 63110{{NEWENTRY}}SSM Health Cardinal Glennon Children's Hospital; 1465 S Grand Blvd, St. Louis, MO 63104{{NEWENTRY}}Slucare Neurology And Psychiatry; 1438 S Grand Blvd, St. Louis, MO 63104{{NEWENTRY}}Barnes-Jewish Hospital; 1 Barnes Jewish Hospital Plaza, St. Louis, MO 63110",None
3YCT0L9OMM9AE6QHVC5LRE4OH73SNK,( Four Seasons Saint Louis), ( None),( list_secondary),36V4Q8R5ZK0U6SOYH96I8JV8831MQQ,Approved,260.0,None,None
3YCT0L9OMM9AE6QHVC5LRE4OH73SNK,( Four Seasons Saint Louis), ( None),( list_secondary),3OLF68YTN91WD2P06Q5JNTWU7L7FAB,Approved,159.0,Barnes-Jewish Hospital; 4353 Clayton Av,None
3YCT0L9OMM9AE6QHVC5LRE4OH73SNK,( Four Seasons Saint Louis), ( None),( list_secondary),3X87C8JFV6BX4N131624KSUE0TOQSD,Approved,29.0,None,None
3YCT0L9OMM9AE6QHVC5LRE4OH73SNK,( Four Seasons Saint Louis), ( None),( list_secondary),3T3IWE1XG6NYJNEIQ67UUXQ02C4TQ7,Approved,31.0,"John Cochran Division - VA St. Louis Health Care System; 915 N Grand Blvd, St. Louis, MO 63106, USA",None
3UYRNV2KITZSVMB8HEZGAN4N5DWN8F,( Hilton St. Louis at the Ballpark), ( None),( list_secondary),36TFCYNS44ASNBOZCQLXAMJ5OKJXHJ,Approved,269.0,None,None
3UYRNV2KITZSVMB8HEZGAN4N5DWN8F,( Hilton St. Louis at the Ballpark), ( None),( list_secondary),3Z7EFSHGN9E163DJQY7WZVMPBSFCXQ,Approved,462.0,None,None
3UYRNV2KITZSVMB8HEZGAN4N5DWN8F,( Hilton St. Louis at the Ballpark), ( None),( list_secondary),3VELCLL3GKJ0JEC0A7CQCS3R3QTF1D,Approved,71.0,None,None
3UYRNV2KITZSVMB8HEZGAN4N5DWN8F,( Hilton St. Louis at the Ballpark), ( None),( list_secondary),3L0KT67Y8EG6DPSPSGJYXEXGZ1WYSD,Approved,10.0,None,None
3UYRNV2KITZSVMB8HEZGAN4N5DWN8F,( Hilton St. Louis at the Ballpark), ( None),( list_secondary),3SLE99ER0ND71TLSDGZMLWWI17FBZH,Approved,10.0,VA; 915 N Grand Blvd,None
3UYRNV2KITZSVMB8HEZGAN4N5DWN8F,( Hilton St. Louis at the Ballpark), ( None),( list_secondary),30H4UDGLT2I96GNJHWRT8E5Y37CPMZ,Approved,117.0,None,None
3UYRNV2KITZSVMB8HEZGAN4N5DWN8F,( Hilton St. Louis at the Ballpark), ( None),( list_secondary),3UXUOQ9OKEXJY9AUO777Z1JD9WIA7U,Approved,32.0,None,None
3UYRNV2KITZSVMB8HEZGAN4N5DWN8F,( Hilton St. Louis at the Ballpark), ( None),( list_secondary),3P4RDNWND56ROMUU14OHJPC5DZSJIJ,Approved,110.0,SLUCare Physician Group;1438 S Grand Blvd,None
3NRZ1LDP7W67I3O86JCLRW6M414PZI,( St. Louis City Center Hotel), ( None),( list_secondary),3PH3VY7DJLXZPWJ387VI8A93B8UWZF,Approved,212.0,"SLUCare Physician Group, 1438 S Grand Blvd{{NEWENTRY}}Hope Recovery Center VA Medical Center, 515 N Jefferson Ave",None
3NRZ1LDP7W67I3O86JCLRW6M414PZI,( St. Louis City Center Hotel), ( None),( list_secondary),32KTQ2V7RDFOET7C07VWMO5JY3SM9Z,Approved,300.0,VA St Louis Health Care System; 915 N Grand Blvd{{NEWENTRY}}SSM Health Saint Louis University Hospital;  3635 Vista Ave{{NEWENTRY}}Saint Louis University Hospital; 3660 Vista Ave{{NEWENTRY}}SSM Health Cardinal Glennon Children's Hospital; 465 S Grand Blvd,None
3NRZ1LDP7W67I3O86JCLRW6M414PZI,( St. Louis City Center Hotel), ( None),( list_secondary),30MVJZJNHMDYDL1RXAI46WD2U9ZJ9U,Approved,33.0,None,None
3NRZ1LDP7W67I3O86JCLRW6M414PZI,( St. Louis City Center Hotel), ( None),( list_secondary),3LQ8PUHQFLSVXGZ4D4LW7CWQ07JHI7,Approved,69.0,Hope Recovery Center VA Medical Center; 515 N Jefferson Ave{{NEWENTRY}}SLUCare Physician Group; Monteleone Hall,None
3NRZ1LDP7W67I3O86JCLRW6M414PZI,( St. Louis City Center Hotel), ( None),( list_secondary),3DEL4X4EL6LE96EOMQPLWME8EGZYXM,Approved,327.0,SLUCare Physician Group; 1438 S Grand Blvd,None
3NRZ1LDP7W67I3O86JCLRW6M414PZI,( St. Louis City Center Hotel), ( None),( list_secondary),3SITXWYCNV9IWYLDCYB1OBG7T7NBXQ,Approved,124.0,"SSM Health Saint Louis University Hospital; 3635 Vista Ave, St. Louis, MO 63110{{NEWENTRY}}Barnes-Jewish Hospital; 1 Barnes Jewish Hospital Plaza, St. Louis, MO 63110{{NEWENTRY}}Barnes-Jewish Center for Advanced Medicine; 4921 Parkview Pl, St. Louis, MO 63110",None
3NRZ1LDP7W67I3O86JCLRW6M414PZI,( St. Louis City Center Hotel), ( None),( list_secondary),3DY4FPOOA1OD8GX78GW905OQVJKVRO,Approved,39.0,None,None
3NRZ1LDP7W67I3O86JCLRW6M414PZI,( St. Louis City Center Hotel), ( None),( list_secondary),3X31TUMD7XMMJ6MWWIFO758B0NOL1Z,Approved,114.0,Barnes-Jewish Hospital; 4353 Clayton Av,None
3NRZ1LDP7W67I3O86JCLRW6M414PZI,( St. Louis City Center Hotel), ( None),( list_secondary),3Q5C1WP23M18HHJB4VZHQGCEEXR51Y,Approved,106.0,"Va team 2 Clinic; 2727 Washington Ave, St. Louis, MO 63103, USA{{NEWENTRY}}John Cochran Division - VA St. Louis Health Care System; 915 N Grand Blvd, St. Louis, MO 63106, USA",None
3V8JSVE8YYQ3GMPD1JURJDYGK0YEYV,( The Chase Park Plaza), ( None),( list_secondary),352YTHGROVD1P90PSFJSDBM7VPG4HD,Approved,450.0,Kindred Hospital St. Louis; 4930 Lindell Blvd{{NEWENTRY}}Metropolitan St. Louis Psychiatric Center; 5351 Delmar Blvd{{NEWENTRY}}Barnes-Jewish Hospital; 1 Barnes Jewish Hospital Plaza{{NEWENTRY}}St. Louis Children's Hospital; 660 S Euclid Ave{{NEWENTRY}}VA St. Louis Health Care System; 915 N Grand Blvd{{NEWENTRY}}Barnes-Jewish Center for Advanced Medicine; 4921 Parkview Pl{{NEWENTRY}}CareSTL Health; 5471 Dr Martin Luther King Dr{{NEWENTRY}}John Cochran Division - VA St. Louis Health Care System; 915 N Grand Blvd,None
3V8JSVE8YYQ3GMPD1JURJDYGK0YEYV,( The Chase Park Plaza), ( None),( list_secondary),3DHE4R9OCWBDMZQR4VIMZWD8WB8G2V,Approved,15.0,None,None
3V8JSVE8YYQ3GMPD1JURJDYGK0YEYV,( The Chase Park Plaza), ( None),( list_secondary),39GAF6DQWR0PFBYQAMHUUE6DRKJ1VP,Approved,10.0,VA; 915 N Grand Blvd,None
3V8JSVE8YYQ3GMPD1JURJDYGK0YEYV,( The Chase Park Plaza), ( None),( list_secondary),3QUO65DNQUOAYOGRBY50AOH26OLUOH,Approved,422.0,"Kindred Hospital; 4930 Lindell Blvd{{NEWENTRY}}Barnes-Jewish; 1 Barnes Jewish Hospital Plaza,Barnes Jewish Hospital Surgery Clinics; 4940 Forest Park Ave #420{{NEWENTRY}}Shriners Hospitals for Children; 4400 Clayton Ave{{NEWENTRY}}Washington University Hospital;1 Barnes Jewish Hospital Plaza",None
3V8JSVE8YYQ3GMPD1JURJDYGK0YEYV,( The Chase Park Plaza), ( None),( list_secondary),3YZ8UPK3VTM9PZJOLTW9FONLHA2UCK,Approved,554.0,"Barnes Jewish Hospital; 1 Barnes Jewish Hospital Plaza, St. Louis, MO 63110{{NEWENTRY}}Kindred Hospital; 4930 Lindell Blvd, St. Louis, MO 63108{{NEWENTRY}}Barnes Jewish Hospital; 4353 Clayton Avenue,St. Louis, MO 63110 {{NEWENTRY}}Care STL Health; 5471 Dr Martin Luther King Dr, St. Louis, MO 63112{{NEWENTRY}}John Cochran Division - VA; 915 N Grand Blvd, St. Louis, MO 63106{{NEWENTRY}}St. louis Children's Hospital ; 660 S Euclid Ave, St. Louis, MO 63110",None
3V8JSVE8YYQ3GMPD1JURJDYGK0YEYV,( The Chase Park Plaza), ( None),( list_secondary),3OB0CAO74HPHNGE9HM7ZT0QEQQKYHX,Approved,209.0,"Kindred Hospital St. Louis; 4930 Lindell Blvd, St. Louis, MO 63108{{NEWENTRY}}Barnes-Jewish Hospital; 1 Barnes Jewish Hospital Plaza, St. Louis, MO 63110{{NEWENTRY}}Barnes Jewish Hospital Surgery Clinics; 4940 Forest Park Ave #420, St. Louis, MO 63108{{NEWENTRY}}Barnes-Jewish Center for Advanced Medicine; 4921 Parkview Pl, St. Louis, MO 63110",None
3V8JSVE8YYQ3GMPD1JURJDYGK0YEYV,( The Chase Park Plaza), ( None),( list_secondary),3ATPCQ38J8A2DT6VBGX7CE3ADVVYAN,Approved,256.0,Kindred Hospital St. Louis; 4930 Lindell Blvd,None
3V8JSVE8YYQ3GMPD1JURJDYGK0YEYV,( The Chase Park Plaza), ( None),( list_secondary),3KJYX6QCM9BWASEU0BN0YE2ZL1NVJR,Approved,644.0,Barnes-Jewish Hospital; 1 Barnes Jewish Hospital Plaza{{NEWENTRY}}Barnes-Jewish Hospital; 4353 Clayton Ave.{{NEWENTRY}}CareSTL Health; 5471 Dr. Martin Luther King Dr.{{NEWENTRY}}Kindred Hospital St. Louis; 4930 Lindell Blvd{{NEWENTRY}}The Rehabilitation Institute of St. Louis; 4455 Duncan Ave.{{NEWENTRY}}Washington University Hospital; 1 Barnes Jewish Hospital Plaza{{NEWENTRY}}Barnes-Jewish Center for Advanced Medicine; 4921 Parkview Pl{{NEWENTRY}}St Louis Children's Hospital; 660 S Euclid Ave.{{NEWENTRY}}VA St. Louis Health Care System; 915 N Grand Blvd{{NEWENTRY}}BJC Central Medical Group; 4921 Parkview Pl Suite 14A{{NEWENTRY}}Barnes Jewish Hospital Emergency Room; 400 S Kingshighway Blvd{{NEWENTRY}}Shriner's Hospitals for Children; 4400 Clayton Ave,None
3V8JSVE8YYQ3GMPD1JURJDYGK0YEYV,( The Chase Park Plaza), ( None),( list_secondary),3U5NZHP4LR2NE2M8QZBGG9X2MMLHPS,Approved,63.0,Barnes-Jewish Hospital; 1 Barnes Jewish Hospital Plaza,None
3QX22DUVOOHKOGMLD6VQPMZVBLNVMS,( DoubleTree by Hilton St Louis Union Station), ( None),( list_secondary),3DBQWDE4Y6YBVOQ09IXFNNPHHXL5NT,Approved,15.0,None,None
3QX22DUVOOHKOGMLD6VQPMZVBLNVMS,( DoubleTree by Hilton St Louis Union Station), ( None),( list_secondary),31JLPPHS2UUQZU38WE9ZNFR2TBZO31,Approved,21.0,VA St Louis Health Care System; 915 N Grand Blvd,None
3QX22DUVOOHKOGMLD6VQPMZVBLNVMS,( DoubleTree by Hilton St Louis Union Station), ( None),( list_secondary),3UJ1CZ6IZHP8B1I5HEE1MHZN4WTS5S,Approved,88.0,"Hope Recovery Center VA Medical Center, 515 N Jefferson Ave{{NEWENTRY}}SLUCare Physician Group, 1438 S Grand Blvd",None
3QX22DUVOOHKOGMLD6VQPMZVBLNVMS,( DoubleTree by Hilton St Louis Union Station), ( None),( list_secondary),323Q6SJS8IGBNPXECWFB4FJYKFRHFG,Approved,73.0,Veterans Affairs Med Center; 915 North Grand {{NEWENTRY}}Saint Louis University Hosp; 3635 Vista At Grand Boulevard {{NEWENTRY}}SSM Cardinal Glennon Child Ctr; 1465 South Grand Boulevard,None
3QX22DUVOOHKOGMLD6VQPMZVBLNVMS,( DoubleTree by Hilton St Louis Union Station), ( None),( list_secondary),3IAS3U3I0FGHVIIGO9Q8YLMBGYI2B2,Approved,87.0,Hope Recovery Center VA Medical Center; 515 N Jefferson Ave{{NEWENTRY}}SLUCare Physician Group; 1438 S Grand Blvd,None
3QX22DUVOOHKOGMLD6VQPMZVBLNVMS,( DoubleTree by Hilton St Louis Union Station), ( None),( list_secondary),36PW28KO4ZW47OP4BFLD5BBUVJNAEH,Approved,373.0,None,None
3QX22DUVOOHKOGMLD6VQPMZVBLNVMS,( DoubleTree by Hilton St Louis Union Station), ( None),( list_secondary),34HJIJKLP5W67AV9X40WSCDG34V4V7,Approved,504.0,SLUCare Physician Group; 1438 S Grand Blvd{{NEWENTRY}}Hope Recovery Center VA Medical Center; 515 N Jefferson Ave{{NEWENTRY}}SSM Health Saint Louis University Hospital; 3635 Vista Ave{{NEWENTRY}}SSM Health Cardinal Glennon Children's Hospital; 1465 S Grand Blvd{{NEWENTRY}}VA Medical Center Spine Cord Injury Program; 915 N Grand Ave,None
3QX22DUVOOHKOGMLD6VQPMZVBLNVMS,( DoubleTree by Hilton St Louis Union Station), ( None),( list_secondary),34Q075JO1XD9MAXA7PT59LGNXO801Y,Approved,892.0,"Slucare Neurology And Psychiatry; 1438 S Grand Blvd, St. Louis, MO 63104{{NEWENTRY}}St. Louis University Hospital: Cardiology, Heart Surgeons and Heart Doctors; 3635 Vista Ave, St. Louis, MO 63110{{NEWENTRY}}John Cochran Division - VA St. Louis Health Care System; 915 N Grand Blvd, St. Louis, MO 63106{{NEWENTRY}}Hope Recovery Center VA Medical Center; 515 N Jefferson Ave, St. Louis, MO 63103",None
3QX22DUVOOHKOGMLD6VQPMZVBLNVMS,( DoubleTree by Hilton St Louis Union Station), ( None),( list_secondary),3DY4FPOOA1OD8GX78GW905OQVIIVRK,Approved,252.0,None,None
37YYO3NWHDQBGL4U9067WY6UW03CCS,( Crowne Plaza St. Louis - Downtown), ( None),( list_secondary),3AQF3RZ558IVQ0DXGDO77OU8B186F1,Approved,43.0,None,None
37YYO3NWHDQBGL4U9067WY6UW03CCS,( Crowne Plaza St. Louis - Downtown), ( None),( list_secondary),382M9COHEHFOMX32HK245CNO2MBEUT,Approved,154.0,"SSM Health DePaul Hospital - St. Louis; 12303 De Paul Dr, Bridgeton, MO 63044",None
37YYO3NWHDQBGL4U9067WY6UW03CCS,( Crowne Plaza St. Louis - Downtown), ( None),( list_secondary),39GHHAVOMFRXGFVFGFMDPO2M8HLJ4Y,Approved,20.0,None,None
37YYO3NWHDQBGL4U9067WY6UW03CCS,( Crowne Plaza St. Louis - Downtown), ( None),( list_secondary),3GS6S824SQX5875K5JKODN2U1UPNWS,Approved,15.0,VA; 915 N Grand Blvd,None
37YYO3NWHDQBGL4U9067WY6UW03CCS,( Crowne Plaza St. Louis - Downtown), ( None),( list_secondary),3HMIGG0U4L6OU5DGEIDTGNXFN7RY8F,Approved,42.0,None,None
37YYO3NWHDQBGL4U9067WY6UW03CCS,( Crowne Plaza St. Louis - Downtown), ( None),( list_secondary),33PPUNGG385UH02H9DLCLB1MJTIZRI,Approved,927.0,Hope Recovery Center VA Medical Center; 515 N Jefferson Ave{{NEWENTRY}}Barnes Jewish Hospital; 1200 Market St,None
37YYO3NWHDQBGL4U9067WY6UW03CCS,( Crowne Plaza St. Louis - Downtown), ( None),( list_secondary),30OG32W0SUBBR7JTKJQIRHVUUQPNEH,Approved,179.0,"Barnes-Jewish Hospital; 1 Barnes Jewish Hospital Plaza, St. Louis, MO 63110{{NEWENTRY}}SSM Health Saint Louis University Hospital; 3635 Vista Ave, St. Louis, MO 63110{{NEWENTRY}}SSM Health Cardinal Glennon Children's Hospital; 1465 S Grand Blvd, St. Louis, MO 63104{{NEWENTRY}}Hope Recovery Center VA Medical Center; 515 N Jefferson Ave, St. Louis, MO 63103",None
37YYO3NWHDQBGL4U9067WY6UW03CCS,( Crowne Plaza St. Louis - Downtown), ( None),( list_secondary),3KRVW3HTZNL6J83B9DVN3JA9QSRSMS,Approved,43.0,None,None
37YYO3NWHDQBGL4U9067WY6UW03CCS,( Crowne Plaza St. Louis - Downtown), ( None),( list_secondary),3N1FSUEFL50KDTVN6J02MQ793YX4DG,Approved,70.0,SSM Health DePaul Hospital; 12303 De Paul Dr,None
34ZTTGSNJXO6RUPT0AL3RUSRD79HQB,( Hilton Saint Louis Airport), ( None),( list_secondary),37KGEN7NJ3QFRJKW9CJLPIZT8CKPPS,Approved,230.0,None,None
34ZTTGSNJXO6RUPT0AL3RUSRD79HQB,( Hilton Saint Louis Airport), ( None),( list_secondary),3IAEQB9FMEKWMVE7GP6LHIQ0NQLDWY,Approved,30.0,None,None
34ZTTGSNJXO6RUPT0AL3RUSRD79HQB,( Hilton Saint Louis Airport), ( None),( list_secondary),3ZGVPD4G6TH7XFF9D2Q7LQ247EDTZN,Approved,242.0,None,None
34ZTTGSNJXO6RUPT0AL3RUSRD79HQB,( Hilton Saint Louis Airport), ( None),( list_secondary),3NGMS9VZTLIR9T68H6RB1U7L40CFFE,Approved,59.0,Ascension Health; 4600 Edmundson Rd,None
34ZTTGSNJXO6RUPT0AL3RUSRD79HQB,( Hilton Saint Louis Airport), ( None),( list_secondary),3YDGXNSEOZU8WYZWPBPM0YT8S6R843,Approved,102.0,None,None
34ZTTGSNJXO6RUPT0AL3RUSRD79HQB,( Hilton Saint Louis Airport), ( None),( list_secondary),3GU1KF0O4I1DNPJMQ71KUYU4R89PBB,Approved,50.0,Veterans Affairs Med Center; 915 North Grand,None
34ZTTGSNJXO6RUPT0AL3RUSRD79HQB,( Hilton Saint Louis Airport), ( None),( list_secondary),3WSELTNVR326W7711AA84XBVYTAAT7,Approved,279.0,"Ranken Jordan Pediatric Bridge Hospital; 11365 Dorsett Rd, Maryland Heights, MO 63043{{NEWENTRY}}SSM Health DePaul Hospital - St. Louis; 12303 De Paul Dr, Bridgeton, MO 63044{{NEWENTRY}}St. Luke's Pediatric Care Center; 8007 St Charles Rock Rd, St. Louis, MO 63114",None
34ZTTGSNJXO6RUPT0AL3RUSRD79HQB,( Hilton Saint Louis Airport), ( None),( list_secondary),3MTMREQS4VIYOOBVWFFJRHIU2OYWAR,Approved,61.0,None,None
34ZTTGSNJXO6RUPT0AL3RUSRD79HQB,( Hilton Saint Louis Airport), ( None),( list_secondary),33ISQZVXPPMD352OZ2B9LI1FAB2CC1,Approved,81.0,SSM Health DePaul Hospital; 12303 De Paul Dr,None
3EGKVCRQFWS59JDTRSS1I5SVH3LYBF,( The Westin St Louis), ( None),( list_secondary),3ATPCQ38J8A2DT6VBGX7CE3ADVQAYU,Approved,34.0,None,None
3EGKVCRQFWS59JDTRSS1I5SVH3LYBF,( The Westin St Louis), ( None),( list_secondary),3KV0LJBBH2LUIT3YUOVID95D4P0RMT,Approved,39.0,None,None
3EGKVCRQFWS59JDTRSS1I5SVH3LYBF,( The Westin St Louis), ( None),( list_secondary),3DYGAII7PL80RVLB9PYAPNP3D89PQM,Approved,11.0,915 N Grand Blvd,None
3EGKVCRQFWS59JDTRSS1I5SVH3LYBF,( The Westin St Louis), ( None),( list_secondary),3Z4AIRP3C6DHJ03LA1ICIZ3Y7VQX1N,Approved,29.0,None,None
3EGKVCRQFWS59JDTRSS1I5SVH3LYBF,( The Westin St Louis), ( None),( list_secondary),3EG49X351UCCQM4IG7UTDVUFF6B6XZ,Approved,234.0,"SSM Health Saint Louis University Hospital; 3635 Vista Ave, St. Louis, MO 63110{{NEWENTRY}}SSM Health Cardinal Glennon Children's Hospital; 1465 S Grand Blvd, St. Louis, MO 63104{{NEWENTRY}}Shriners Hospitals for Children  St. Louis; 4400 Clayton Ave, St. Louis, MO 63110{{NEWENTRY}}Slucare Neurology And Psychiatry; 1438 S Grand Blvd, St. Louis, MO 63104",None
3EGKVCRQFWS59JDTRSS1I5SVH3LYBF,( The Westin St Louis), ( None),( list_secondary),3NPFYT4IZC4ENFTOSK3FPM749KEGXB,Approved,392.0,St. Alexius Hospital; 3393 S Broadway{{NEWENTRY}}Hope Recovery Center VA Medical Center; 515 N Jefferson,None
3EGKVCRQFWS59JDTRSS1I5SVH3LYBF,( The Westin St Louis), ( None),( list_secondary),38SKSKU7R1XXJCIU4P0UZ4PXHPZILO,Approved,54.0,None,None
3EGKVCRQFWS59JDTRSS1I5SVH3LYBF,( The Westin St Louis), ( None),( list_secondary),34PGFRQONOB9PHEZQLSWKGLDSBTJWV,Approved,53.0,SLUCare Physician Group; 1438 S Grand Blvd,None
3EGKVCRQFWS59JDTRSS1I5SVH3LYBF,( The Westin St Louis), ( None),( list_secondary),3GD6L00D3SX6PO4HWUG37IN00SH1MK,Approved,70.0,"Hope Recovery Center VA Medical Center; 515 N Jefferson Ave, St. Louis, MO 63103, USA{{NEWENTRY}}John Cochran Division - VA St. Louis Health Care System;{{NEWENTRY}}915 N Grand Blvd, St. Louis, MO 63106, USA",None
334ZEL5JX6FSWRQTWR5Y634T7H8SOZ,( Hilton St. Louis Downtown at the Arch), ( None),( list_secondary),3M0BCWMB8VW37YGN2TFFMS20K59BWP,Approved,110.0,None,None
334ZEL5JX6FSWRQTWR5Y634T7H8SOZ,( Hilton St. Louis Downtown at the Arch), ( None),( list_secondary),388U7OUMF71XFFWR5J8KFCY01MZR0I,Approved,13.0,VA; 915 N Grand Blvd,None
334ZEL5JX6FSWRQTWR5Y634T7H8SOZ,( Hilton St. Louis Downtown at the Arch), ( None),( list_secondary),3X4MXAO0BGOQN5XCYQ15M7742RERWK,Approved,38.0,None,None
334ZEL5JX6FSWRQTWR5Y634T7H8SOZ,( Hilton St. Louis Downtown at the Arch), ( None),( list_secondary),3300DTYQT2HWU4WL0BIZVBQZZ17QE2,Approved,85.0,None,None
334ZEL5JX6FSWRQTWR5Y634T7H8SOZ,( Hilton St. Louis Downtown at the Arch), ( None),( list_secondary),3TS1AR6UQQEEU0R2ZNTZD2U46CVF7C,Approved,37.0,Veterans Affairs Med Center; 915 North Grand,None
334ZEL5JX6FSWRQTWR5Y634T7H8SOZ,( Hilton St. Louis Downtown at the Arch), ( None),( list_secondary),39GXDJN2OTE7QBIB97Q99OTL5QRV85,Approved,203.0,"Barnes-Jewish Hospital; 1 Barnes Jewish Hospital Plaza, St. Louis, MO 63110{{NEWENTRY}}SSM Health Saint Louis University Hospital; 3635 Vista Ave, St. Louis, MO 63110{{NEWENTRY}}SSM Health Cardinal Glennon Children's Hospital; 1465 S Grand Blvd, St. Louis, MO 63104{{NEWENTRY}}Shriners Hospitals for Children  St. Louis; 4400 Clayton Ave, St. Louis, MO 63110",None
334ZEL5JX6FSWRQTWR5Y634T7H8SOZ,( Hilton St. Louis Downtown at the Arch), ( None),( list_secondary),3ZY8KE4ISJ3DWFI7V179VFELZWGVQJ,Approved,82.0,St. Alexius Hospital; 3933 S Broadway,None
334ZEL5JX6FSWRQTWR5Y634T7H8SOZ,( Hilton St. Louis Downtown at the Arch), ( None),( list_secondary),3TYCR1GOTCJJE2744TOGZZSND21LZO,Approved,68.0,None,None
334ZEL5JX6FSWRQTWR5Y634T7H8SOZ,( Hilton St. Louis Downtown at the Arch), ( None),( list_secondary),3IJXV6UZ1XJ8MAD799XQLGYWNHRRIQ,Approved,181.0,"St. Alexius Hospital; 3933 S Broadway, St. Louis, MO 63118, USA{{NEWENTRY}}SSM Health St. Mary's Hospital; 6420 Clayton Rd, Richmond Heights",None
3YO4AH2FPDKVGUJX22EIL2TARQ7Q0I,( Holiday Inn St. Louis - Downtown Conv Ctr), ( None),( list_secondary),3PEIJLRY6TTAK1JO7P7XBPTS38WXWJ,Approved,186.0,"VA Medical Center; 915 N Grand Blvd, St. Louis, MO 63106",None
3YO4AH2FPDKVGUJX22EIL2TARQ7Q0I,( Holiday Inn St. Louis - Downtown Conv Ctr), ( None),( list_secondary),3DL65MZB8DFS03M2VTH4B61IVM4ECJ,Approved,101.0,"Hope Recovery Center VA Medical Center; 515 N Jefferson Ave, St. Louis, MO 63103",None
3YO4AH2FPDKVGUJX22EIL2TARQ7Q0I,( Holiday Inn St. Louis - Downtown Conv Ctr), ( None),( list_secondary),3OVR4I9USPJE22ZSB56MMPE8MCD4QA,Approved,27.0,None,None
3YO4AH2FPDKVGUJX22EIL2TARQ7Q0I,( Holiday Inn St. Louis - Downtown Conv Ctr), ( None),( list_secondary),3A9AA95ATWMBY92DPXA7RCUCHCM5PP,Approved,46.0,VA St Louis Health Care System; 915 N Grand Blvd,None
3YO4AH2FPDKVGUJX22EIL2TARQ7Q0I,( Holiday Inn St. Louis - Downtown Conv Ctr), ( None),( list_secondary),3MD9PLUKKIE922APG64VCRWCIWTZNU,Approved,52.0,"Veterans Affairs Med Center; 915 North Grand {{NEWENTRY}}Saint Louis, MO 63106-1621{{NEWENTRY}}Saint Louis University Hosp;3635 Vista At Grand Boulevard Saint Louis, MO 63110-0250",None
3YO4AH2FPDKVGUJX22EIL2TARQ7Q0I,( Holiday Inn St. Louis - Downtown Conv Ctr), ( None),( list_secondary),3483FV8BEEJBP61LSI90N50J2X726H,Approved,33.0,None,None
3YO4AH2FPDKVGUJX22EIL2TARQ7Q0I,( Holiday Inn St. Louis - Downtown Conv Ctr), ( None),( list_secondary),3IXEICO792J595VYBXTWOS992AJT6Z,Approved,581.0,"Slucare Neurology and Psychiatry; 1438 S Grand Blvd {{NEWENTRY}}Topek ks capital; St. Louis, MO {{NEWENTRY}}VA team 2 clinic; 2727 Washington Ave",None
3YO4AH2FPDKVGUJX22EIL2TARQ7Q0I,( Holiday Inn St. Louis - Downtown Conv Ctr), ( None),( list_secondary),3X31TUMD7XMMJ6MWWIFO758B0MM1LB,Approved,113.0,"Slucare Neurology And Psychiatry; 1438 S Grand Blvd, St. Louis, MO 63104{{NEWENTRY}}Barnes-Jewish Hospital; 1 Barnes Jewish Hospital Plaza, St. Louis, MO 63110{{NEWENTRY}}Va team 2 Clinic; 2727 Washington Ave, St. Louis, MO 63103",None
3DTJ4WT8BDF3LCZIX5WAXK7IQU2EZM,( Comfort Inn St Louis - Westport), ( None),( list_secondary),35GCEFQ6I5O2YYHFYNKG3DY6DF23ZI,Approved,19.0,None,None
3DTJ4WT8BDF3LCZIX5WAXK7IQU2EZM,( Comfort Inn St Louis - Westport), ( None),( list_secondary),32SCWG5HIH47HD2RUGKCJI8CD7W6P5,Approved,341.0,None,None
3DTJ4WT8BDF3LCZIX5WAXK7IQU2EZM,( Comfort Inn St Louis - Westport), ( None),( list_secondary),34FNN24DCM957NUEGK6Q43NOLHOY5B,Approved,231.0,Barnes- Jewish Hospital; 1 Barnes-Jewish Hospital Plaza{{NEWENTRY}}St. Alexius Hospital; 3933 S Broadway,None
3DTJ4WT8BDF3LCZIX5WAXK7IQU2EZM,( Comfort Inn St Louis - Westport), ( None),( list_secondary),3NPI0JQDAO5DJBD3QTS5US0QXF8TP4,Approved,11.0,VA; 915 N Grand Blvd,None
3DTJ4WT8BDF3LCZIX5WAXK7IQU2EZM,( Comfort Inn St Louis - Westport), ( None),( list_secondary),3OCHAWUVGOKJP1P7IBOUNEZXG1QKXD,Approved,44.0,None,None
3DTJ4WT8BDF3LCZIX5WAXK7IQU2EZM,( Comfort Inn St Louis - Westport), ( None),( list_secondary),3VZLGYJEYLAEEWOTICR4ATNAKA3ZXE,Approved,134.0,Ranken Jordan Pediatric Bridge Hosp; 11365 Dorsett Road {{NEWENTRY}}Barnes-Jewish West County Hosp; 12634 Olive Boulevard,None
3DTJ4WT8BDF3LCZIX5WAXK7IQU2EZM,( Comfort Inn St Louis - Westport), ( None),( list_secondary),3JC6VJ2SABJ4B5WB0ESA1H5HIQO5AB,Approved,40.0,None,None
3DTJ4WT8BDF3LCZIX5WAXK7IQU2EZM,( Comfort Inn St Louis - Westport), ( None),( list_secondary),3DBQWDE4Y6YBVOQ09IXFNNPHHXNN5D,Approved,201.0,"Slucare Neurology And Psychiatry; 1438 S Grand Blvd, St. Louis, MO 63104{{NEWENTRY}}SSM Health Saint Louis University Hospital; 3635 Vista Ave, St. Louis, MO 63110{{NEWENTRY}}Barnes-Jewish Hospital; 1 Barnes Jewish Hospital Plaza, St. Louis, MO 63110{{NEWENTRY}}St. Alexius Hospital; 3933 S Broadway, St. Louis, MO 63118",None
3DTJ4WT8BDF3LCZIX5WAXK7IQU2EZM,( Comfort Inn St Louis - Westport), ( None),( list_secondary),3LRKMWOKB5HDDGLWUN6BK3TE729Z2C,Approved,77.0,Ranken Jordan Pediatric Bridge Hospital; 11365 Dorsett Rd,None
302U8RURJZ1Q6Y7LP7AQ21OVGBXVNS,( Drury Inn & Suites St. Louis Convention Center), ( None),( list_secondary),3AWETUDC92SHO1ZYJQR37J0VWXXIZV,Approved,131.0,None,None
302U8RURJZ1Q6Y7LP7AQ21OVGBXVNS,( Drury Inn & Suites St. Louis Convention Center), ( None),( list_secondary),3GM6G9ZBKNX7Y8GQYD0DDO6VSAVMTZ,Approved,132.0,None,None
302U8RURJZ1Q6Y7LP7AQ21OVGBXVNS,( Drury Inn & Suites St. Louis Convention Center), ( None),( list_secondary),3N4BPTXIO8SR8XVCD6D7370TMJ7UKT,Approved,159.0,VA St Louis Health Care System; 915 N Grand Blvd{{NEWENTRY}}SSM Health Saint Louis University Hospital; 3635 Vista Ave,None
302U8RURJZ1Q6Y7LP7AQ21OVGBXVNS,( Drury Inn & Suites St. Louis Convention Center), ( None),( list_secondary),3AWETUDC92SHO1ZYJQR37J0VWXZIZX,Approved,15.0,None,None
302U8RURJZ1Q6Y7LP7AQ21OVGBXVNS,( Drury Inn & Suites St. Louis Convention Center), ( None),( list_secondary),308Q0PEVB8D2IAHLFSX4UVY2HUCI9J,Approved,62.0,Hope Recovery Center VA Medical Center; 515 N Jefferson Ave{{NEWENTRY}}Barnes Jewish Hospital; 1200 Market St,None
302U8RURJZ1Q6Y7LP7AQ21OVGBXVNS,( Drury Inn & Suites St. Louis Convention Center), ( None),( list_secondary),3OHYZ19UGC5QJF2T5TO9AN58ZLWOA2,Approved,185.0,"Slucare Neurology And Psychiatry; 1438 S Grand Blvd, St. Louis, MO 63104{{NEWENTRY}}St. Alexius Hospital; 3933 S Broadway, St. Louis, MO 63118{{NEWENTRY}}Comprehensive Behavioral Health Center of St. Clair County; 505 S 8th St, East St Louis, IL 62201{{NEWENTRY}}Kindred Hospital St. Louis; 4930 Lindell Blvd, St. Louis, MO 63108",None
302U8RURJZ1Q6Y7LP7AQ21OVGBXVNS,( Drury Inn & Suites St. Louis Convention Center), ( None),( list_secondary),3ZPPDN2SLVWQ25FZJ97D9G0AP2AE9D,Approved,78.0,None,None
302U8RURJZ1Q6Y7LP7AQ21OVGBXVNS,( Drury Inn & Suites St. Louis Convention Center), ( None),( list_secondary),3L6L49WXW0XP9GGURDIJOEJHQHZ549,Approved,83.0,SLUCare Physician Group; 1438 S Grand Blvd,None
3WJGKMRWVI9LLDA89W1IG4OCH0FCDS,( Embassy Suites St. Louis - Downtown), ( None),( list_secondary),339ANSOTR52MZ60CJPOTK4CISOKKIB,Approved,85.0,None,None
3WJGKMRWVI9LLDA89W1IG4OCH0FCDS,( Embassy Suites St. Louis - Downtown), ( None),( list_secondary),3JMSRU9HQIUOZCS2MAC91YP7GTKVEZ,Approved,34.0,None,None
3WJGKMRWVI9LLDA89W1IG4OCH0FCDS,( Embassy Suites St. Louis - Downtown), ( None),( list_secondary),3QY5DC2MXRKGSB3YCVMANU8OENSFUE,Approved,22.0,None,None
3WJGKMRWVI9LLDA89W1IG4OCH0FCDS,( Embassy Suites St. Louis - Downtown), ( None),( list_secondary),3BGYGHDBBXKN75IK5GXXXSJ7MS422Z,Approved,9.0,VA; 915 N Grand Blvd,None
3WJGKMRWVI9LLDA89W1IG4OCH0FCDS,( Embassy Suites St. Louis - Downtown), ( None),( list_secondary),34PGFRQONOB9PHEZQLSWKGLDSALJWL,Approved,33.0,None,None
3WJGKMRWVI9LLDA89W1IG4OCH0FCDS,( Embassy Suites St. Louis - Downtown), ( None),( list_secondary),3W92K5RLWUHO3TZ9B9J6X4JU30O5VB,Approved,641.0,"Slucare Neurology And Psychiatry; 1438 S Grand Blvd, St. Louis, MO 63104{{NEWENTRY}}Va team 2 Clinic;  2727 Washington Ave, St. Louis, MO 63103{{NEWENTRY}}Dept of Veterans Affairs - Outpatient Clinic; 2727 Washington Blvd, St. Louis, MO 63103{{NEWENTRY}}Barnes-Jewish Hospital; 1 Barnes Jewish Hospital Plaza, St. Louis, MO 63110{{NEWENTRY}}St. Alexius Hospital; 3933 S Broadway, St. Louis, MO 63118",None
3WJGKMRWVI9LLDA89W1IG4OCH0FCDS,( Embassy Suites St. Louis - Downtown), ( None),( list_secondary),3PM8NZGV8YG504N2VG8RJ0B6F7NXQN,Approved,138.0,Hope Recovery Center VA Medical Center; 515 N Jefferson Ave.,None
3IZPORCT1F963V4TDPA3WK2W9TBHRC,( Pear Tree Inn St. Louis Near Union Station), ( None),( list_secondary),3KV0LJBBH2LUIT3YUOVID95D4PYRMR,Approved,121.0,"SLUCare Physician Group, 1438 S Grand Blvd{{NEWENTRY}}Hope Recovery Center VA Medical Center, 515 N Jefferson Ave",None
3IZPORCT1F963V4TDPA3WK2W9TBHRC,( Pear Tree Inn St. Louis Near Union Station), ( None),( list_secondary),3TPZPLC3M0C8KUF9BEMECFWS3GU3PW,Approved,129.0,"SSM Health Cardinal Glennon Children's Hospital; 1465 S Grand Blvd, St. Louis, MO 63104",None
3IZPORCT1F963V4TDPA3WK2W9TBHRC,( Pear Tree Inn St. Louis Near Union Station), ( None),( list_secondary),33JKGHPFYCU93VB61HE14P033SBMN0,Approved,13.0,VA; 915 N Grand Blvd,None
3IZPORCT1F963V4TDPA3WK2W9TBHRC,( Pear Tree Inn St. Louis Near Union Station), ( None),( list_secondary),3F1567XTNW5FZ854S02D3XPO84SQ9T,Approved,60.0,Hope Recovery Center VA Medical Center; 515 N Jefferson Ave{{NEWENTRY}}SLUCare Physician Group; 1438 S Grand Blvd,None
3IZPORCT1F963V4TDPA3WK2W9TBHRC,( Pear Tree Inn St. Louis Near Union Station), ( None),( list_secondary),3LS2AMNW5FQI6V9AUPLV0NKD33JOQA,Approved,99.0,"Barnes-Jewish Hospital; 1 Barnes Jewish Hospital Plaza, St. Louis, MO 63110{{NEWENTRY}}Shriners Hospitals for Children  St. Louis; 4400 Clayton Ave, St. Louis, MO 63110{{NEWENTRY}}SSM Health Cardinal Glennon Children's Hospital; 1465 S Grand Blvd, St. Louis, MO 63104",None
3IZPORCT1F963V4TDPA3WK2W9TBHRC,( Pear Tree Inn St. Louis Near Union Station), ( None),( list_secondary),3SKEMFQBZ35TA0OZA3C27FI4PTO8K2,Approved,111.0,None,None
3IZPORCT1F963V4TDPA3WK2W9TBHRC,( Pear Tree Inn St. Louis Near Union Station), ( None),( list_secondary),3634BBTX0OUBJK8YIEXW4RKDKTEFIH,Approved,80.0,SLUCare Physician Group; 1438 S Grand Blvd,None
3IZPORCT1F963V4TDPA3WK2W9TBHRC,( Pear Tree Inn St. Louis Near Union Station), ( None),( list_secondary),3QFUFYSY9YFHBD9JXPVSAQAUFBE4FS,Approved,475.0,"Kindred Hospital St. Louis; 4930 Lindell Blvd, St. Louis, MO 63108, USA{{NEWENTRY}}Barnes Jewish Hospital Surgery Clinics; 4940 Forest Park Ave #420, St. Louis, MO 63108, USA{{NEWENTRY}}Barnes-jewish hospital north; 224 S Euclid Ave, St. Louis, MO 63110, USA{{NEWENTRY}}Shriners Hospitals for Children; 4400 Clayton Ave, St. Louis, MO 63110, USA{{NEWENTRY}}VA St. Louis Health Care System; 915 N Grand Blvd, St. Louis, MO 63106, USA {{NEWENTRY}}SSM Health Saint Louis University Hospital; 3635 Vista Ave, St. Louis, MO 63110, USA{{NEWENTRY}}SLUCare Physician Group; JQC6+HR St. Louis, Missouri, USA",None