HIT ID,HOTEL,ASSIGNMENT ID,TIME TAKEN,WORKER VOTE
31ODACBENUFVH339B4X2V8ZTMJPSQ8,( Hyatt Regency St. Louis at The Arch),3IQ1VMJRYTKNCSYN345RDXAJ4QB9AI,1090.0,0
31ODACBENUFVH339B4X2V8ZTMJPSQ8,( Hyatt Regency St. Louis at The Arch),3TMSXRD2X602U0YV0WMQGGPRYYXW1G,635.0,1
31ODACBENUFVH339B4X2V8ZTMJPSQ8,( Hyatt Regency St. Louis at The Arch),34YB12FSQYO3T3UKED16E5R62L4GMB,35.0,0
31ODACBENUFVH339B4X2V8ZTMJPSQ8,( Hyatt Regency St. Louis at The Arch),3WEV0KO0OMS3FEXYWKWKKTNFHI9SDS,33.0,0
31ODACBENUFVH339B4X2V8ZTMJPSQ8,( Hyatt Regency St. Louis at The Arch),3IXEICO792J595VYBXTWOS992FBT61,584.0,0
31ODACBENUFVH339B4X2V8ZTMJPSQ8,( Hyatt Regency St. Louis at The Arch),30LSNF239UVRIQWMUJIPK8QOBTZ2II,31.0,1
31ODACBENUFVH339B4X2V8ZTMJPSQ8,( Hyatt Regency St. Louis at The Arch),3HOSI13XHZOXDPEGZU1VPU1FGFHDD1,62.0,0
31ODACBENUFVH339B4X2V8ZTMJPSQ8,( Hyatt Regency St. Louis at The Arch),3QECW5O0KH19Q1VK6EJRWMV96KD5TA,99.0,0
31ODACBENUFVH339B4X2V8ZTMJPSQ8,( Hyatt Regency St. Louis at The Arch),3G5W44VEU7I83FUHT1OQZSZ2DH6GK5,162.0,0
3M0556243SK1A1LVPS5MKFL9SI8NFX,( Residence Inn St Louis),3FE7TXL1LIN4ZOK57RNYTAHA22N2QQ,1142.0,0
3M0556243SK1A1LVPS5MKFL9SI8NFX,( Residence Inn St Louis),3GM6G9ZBKNX7Y8GQYD0DDO6VSF6MTK,163.0,1
3M0556243SK1A1LVPS5MKFL9SI8NFX,( Residence Inn St Louis),3TPZPLC3M0C8KUF9BEMECFWS3LD3PP,64.0,0
3M0556243SK1A1LVPS5MKFL9SI8NFX,( Residence Inn St Louis),3OJSZ2ATDSWMS3YDTBGQRQ3RHN775L,18.0,0
3M0556243SK1A1LVPS5MKFL9SI8NFX,( Residence Inn St Louis),3EWIJTFFVO786BRMJDOKG5ZHM280EN,26.0,1
3M0556243SK1A1LVPS5MKFL9SI8NFX,( Residence Inn St Louis),36NEMU28XFDZQPKKTI5O08DUW9EMW0,150.0,1
3M0556243SK1A1LVPS5MKFL9SI8NFX,( Residence Inn St Louis),3QFUFYSY9YFHBD9JXPVSAQAUFF5F42,38.0,0
3M0556243SK1A1LVPS5MKFL9SI8NFX,( Residence Inn St Louis),386CSBG1OZMSHP36UTZ1JNYMI9Z6QP,241.0,1
3M0556243SK1A1LVPS5MKFL9SI8NFX,( Residence Inn St Louis),3H0W84IWBK2W65BLDQ7Z0104VT8ER2,172.0,1
3IKMEYR0LWVG11OG4KYZ84AGPJZ2KO,( Parkway),3HWRJOOET5287KBYSF74QB50HTXSE6,235.0,1
3IKMEYR0LWVG11OG4KYZ84AGPJZ2KO,( Parkway),32EYX73OY09DV1873QM44JM7HF8RUY,544.0,1
3IKMEYR0LWVG11OG4KYZ84AGPJZ2KO,( Parkway),3DYGAII7PL80RVLB9PYAPNP3DDJPQ6,69.0,1
3IKMEYR0LWVG11OG4KYZ84AGPJZ2KO,( Parkway),3SKEMFQBZ35TA0OZA3C27FI4PXZ8KL,19.0,0
3IKMEYR0LWVG11OG4KYZ84AGPJZ2KO,( Parkway),3FTYUGLFSUL29CZNKOJCRIDN3Y15D3,315.0,1
3IKMEYR0LWVG11OG4KYZ84AGPJZ2KO,( Parkway),3I33IC7ZWF2CC8DOIVQC3A25YLF2AZ,1043.0,1
3IKMEYR0LWVG11OG4KYZ84AGPJZ2KO,( Parkway),3KV0LJBBH2LUIT3YUOVID95D4UQMRO,65.0,0
3IKMEYR0LWVG11OG4KYZ84AGPJZ2KO,( Parkway),38F5OAUN5NCY8WI8UDHZGN6HMW4H7I,315.0,1
3IKMEYR0LWVG11OG4KYZ84AGPJZ2KO,( Parkway),3Z3ZLGNNSIUTK6GOBR13CKM28HFQ3J,164.0,1
30P8I9JKOILMG91FL7E48KO9PRWV53,( Marriott St. Louis Grand),3M0NZ3JDP1Y5CD4JC689IAWQRG2Z5N,65.0,0
30P8I9JKOILMG91FL7E48KO9PRWV53,( Marriott St. Louis Grand),31QNSG6A5RT5FLHFR9NT3ADIJDQ876,973.0,0
30P8I9JKOILMG91FL7E48KO9PRWV53,( Marriott St. Louis Grand),37C0GNLMHF3YSGZ1P7THJORNZT96DH,113.0,0
30P8I9JKOILMG91FL7E48KO9PRWV53,( Marriott St. Louis Grand),33CID57104TIT90BJMT7VYN8YBLL3I,24.0,0
30P8I9JKOILMG91FL7E48KO9PRWV53,( Marriott St. Louis Grand),3WEV0KO0OMS3FEXYWKWKKTNFHILDSP,55.0,0
30P8I9JKOILMG91FL7E48KO9PRWV53,( Marriott St. Louis Grand),3W92K5RLWUHO3TZ9B9J6X4JU35LV58,202.0,0
30P8I9JKOILMG91FL7E48KO9PRWV53,( Marriott St. Louis Grand),34J10VATJFY8A9Y7WU8QGQORR0TIQU,104.0,0
30P8I9JKOILMG91FL7E48KO9PRWV53,( Marriott St. Louis Grand),3IGI0VL647KX3YWIEXTEWTP8YY8NOA,37.0,0
30P8I9JKOILMG91FL7E48KO9PRWV53,( Marriott St. Louis Grand),3RGU30DZTA8DK5KLMJM9BIJMUE5JM4,441.0,1
3PMR2DOWOO1NMWI01BDHZUOWC70542,( Drury Plaza at the Arch),3RWE2M8QWHAC0H4ZCCR36STQ0TG0NH,112.0,0
3PMR2DOWOO1NMWI01BDHZUOWC70542,( Drury Plaza at the Arch),3VNL7UK1XFJ1SYO9CQW0IYMMVETTFJ,989.0,0
3PMR2DOWOO1NMWI01BDHZUOWC70542,( Drury Plaza at the Arch),34Q075JO1XD9MAXA7PT59LGNXTK01K,109.0,0
3PMR2DOWOO1NMWI01BDHZUOWC70542,( Drury Plaza at the Arch),3VE8AYVF8MXIUEWL9SL5R2QZH1F8FG,45.0,0
3PMR2DOWOO1NMWI01BDHZUOWC70542,( Drury Plaza at the Arch),3KWTYT08703L7ONFX5H0AVLSC725LI,42.0,0
3PMR2DOWOO1NMWI01BDHZUOWC70542,( Drury Plaza at the Arch),3ND9UOO81K2FK72ZT6490VY5W4JLWS,137.0,0
3PMR2DOWOO1NMWI01BDHZUOWC70542,( Drury Plaza at the Arch),3NL0RFNU0FNSRZ1XY0MPQ32ZNBHK44,49.0,0
3PMR2DOWOO1NMWI01BDHZUOWC70542,( Drury Plaza at the Arch),3RGU30DZTA8DK5KLMJM9BIJMUD7MJ7,32.0,0
3PMR2DOWOO1NMWI01BDHZUOWC70542,( Drury Plaza at the Arch),35GMH2SV3EHT9SJ5LYQV66VZK6ZOEE,1089.0,1
3IJ95K7NDXC7O1HQ0CB420LLTX8NGW,( Hampton Inn St Louis Downtown),3DR23U6WE5E9MKODHFCU0G1MJDFETN,919.0,0
3IJ95K7NDXC7O1HQ0CB420LLTX8NGW,( Hampton Inn St Louis Downtown),3X73LLYYQ1ENBHAVAKYOCKS7MBMNHC,216.0,1
3IJ95K7NDXC7O1HQ0CB420LLTX8NGW,( Hampton Inn St Louis Downtown),3AUQQEL7U5TP8MD8E3DUG9N3MXN0V5,316.0,0
3IJ95K7NDXC7O1HQ0CB420LLTX8NGW,( Hampton Inn St Louis Downtown),3NJM2BJS4W6WXUBS47XF5I0M9YQCPW,49.0,0
3IJ95K7NDXC7O1HQ0CB420LLTX8NGW,( Hampton Inn St Louis Downtown),386PBUZZXFXTEN20M7LUB54XU8ZLJM,61.0,0
3IJ95K7NDXC7O1HQ0CB420LLTX8NGW,( Hampton Inn St Louis Downtown),3ND9UOO81K2FK72ZT6490VY5W4NWL7,331.0,1
3IJ95K7NDXC7O1HQ0CB420LLTX8NGW,( Hampton Inn St Louis Downtown),3STRJBFXOWRC8KGND1NXYBER3A0TKB,54.0,1
3IJ95K7NDXC7O1HQ0CB420LLTX8NGW,( Hampton Inn St Louis Downtown),3TMSXRD2X602U0YV0WMQGGPRYYKW13,34.0,0
3IJ95K7NDXC7O1HQ0CB420LLTX8NGW,( Hampton Inn St Louis Downtown),3AAPLD8UCCHL6UFF7GK0LJYZBT4HT3,236.0,0
356ZPKYPUHH7DDE3AXA2DPXKY8ZPYS,( Four Seasons Saint Louis),3PQ8K71NHXK1HB8SVAJR9SL3A8TAAY,1103.0,0
356ZPKYPUHH7DDE3AXA2DPXKY8ZPYS,( Four Seasons Saint Louis),3GNA64GUZE4WYL3SPAPWRHKMMDR5Q9,239.0,0
356ZPKYPUHH7DDE3AXA2DPXKY8ZPYS,( Four Seasons Saint Louis),3OVHNO1VE610GQJCRCQSGMKI4X9DZI,810.0,0
356ZPKYPUHH7DDE3AXA2DPXKY8ZPYS,( Four Seasons Saint Louis),39U1BHVTDLR6CM8GSVVYHPXPSOE3TA,25.0,0
356ZPKYPUHH7DDE3AXA2DPXKY8ZPYS,( Four Seasons Saint Louis),3FPRZHYEPY7LPEC5XQVDI7LAP9UV3I,32.0,1
356ZPKYPUHH7DDE3AXA2DPXKY8ZPYS,( Four Seasons Saint Louis),3R6P78PK7KB76YK4NA2I0JMYWTKTG9,86.0,0
356ZPKYPUHH7DDE3AXA2DPXKY8ZPYS,( Four Seasons Saint Louis),3137ONMDKG55HF27XFDN1XMXTJZGE8,31.0,0
356ZPKYPUHH7DDE3AXA2DPXKY8ZPYS,( Four Seasons Saint Louis),3GGAI1SQEVYQCREFCR5NOE6R4T3CMO,96.0,1
356ZPKYPUHH7DDE3AXA2DPXKY8ZPYS,( Four Seasons Saint Louis),37TRT2X24QRH1EGOVUW0X28SIFHJBV,90.0,0
3N3WJQXELSQRL76YPKA0N4NVEJ42LR,( Hilton St. Louis at the Ballpark),340UGXU9DY15O8POCARE5GBA2LLUVU,663.0,0
3N3WJQXELSQRL76YPKA0N4NVEJ42LR,( Hilton St. Louis at the Ballpark),3JZQSN0I3QAXNT23SQXTJF7X5K4FGF,616.0,1
3N3WJQXELSQRL76YPKA0N4NVEJ42LR,( Hilton St. Louis at the Ballpark),3P4MQ7TPPXCBJVIC72JJZEPFA9NBBF,83.0,0
3N3WJQXELSQRL76YPKA0N4NVEJ42LR,( Hilton St. Louis at the Ballpark),37W3JXSD668ZK69YCLTZU3015JOWYW,373.0,0
3N3WJQXELSQRL76YPKA0N4NVEJ42LR,( Hilton St. Louis at the Ballpark),3HYA4D452RJ78ZUWTBC4HBDWV17F24,145.0,1
3N3WJQXELSQRL76YPKA0N4NVEJ42LR,( Hilton St. Louis at the Ballpark),3LS2AMNW5FQI6V9AUPLV0NKD38CQOF,62.0,0
3N3WJQXELSQRL76YPKA0N4NVEJ42LR,( Hilton St. Louis at the Ballpark),3L4D84MILZSRSRJAVM6WJDBQDSTJHI,412.0,1
3N3WJQXELSQRL76YPKA0N4NVEJ42LR,( Hilton St. Louis at the Ballpark),3IJXV6UZ1XJ8MAD799XQLGYWNMDRIM,420.0,0
3N3WJQXELSQRL76YPKA0N4NVEJ42LR,( Hilton St. Louis at the Ballpark),3WI0P0II61SREZXLHVWFUJIJVHADRB,32.0,1
3ECKRY5B1QWF1H14TOM1IZ5AIO8ZIH,( St. Louis City Center Hotel),3EO896NRAWVHX0A5VGNLXWEEOK8TJI,144.0,1
3ECKRY5B1QWF1H14TOM1IZ5AIO8ZIH,( St. Louis City Center Hotel),3U84XHCDICDNGU0JY1PZDIQCRJ44ZI,997.0,0
3ECKRY5B1QWF1H14TOM1IZ5AIO8ZIH,( St. Louis City Center Hotel),3AZHRG4CU4K5WDBPUT7OXEVKVDT30A,136.0,0
3ECKRY5B1QWF1H14TOM1IZ5AIO8ZIH,( St. Louis City Center Hotel),3E1QT0TDFP9245YBA0RQUZ3RXT58I5,57.0,0
3ECKRY5B1QWF1H14TOM1IZ5AIO8ZIH,( St. Louis City Center Hotel),32Z9ZLUT1LK5T2A7BZY1R9SCCLZOH0,14.0,0
3ECKRY5B1QWF1H14TOM1IZ5AIO8ZIH,( St. Louis City Center Hotel),317HQ483I7SN7CLFG2G9CWTMMOKNIO,92.0,0
3ECKRY5B1QWF1H14TOM1IZ5AIO8ZIH,( St. Louis City Center Hotel),3A9AA95ATWMBY92DPXA7RCUCHHG5PT,90.0,0
3ECKRY5B1QWF1H14TOM1IZ5AIO8ZIH,( St. Louis City Center Hotel),3FFJ6VRIL1OKMGT8FWEB1KX9EVEI0D,29.0,1
3ECKRY5B1QWF1H14TOM1IZ5AIO8ZIH,( St. Louis City Center Hotel),392CY0QWG1R1L4B9YX1DDNNMV7VI4U,85.0,1
3HEA4ZVWVDM5IFM0FGWR4MUAC3V557,( The Chase Park Plaza),3QY7M81QH7MPAMJG0YKWTFM9ECGK7V,477.0,1
3HEA4ZVWVDM5IFM0FGWR4MUAC3V557,( The Chase Park Plaza),34T446B1C0ET9D78NMIPQHZE1P20CZ,345.0,1
3HEA4ZVWVDM5IFM0FGWR4MUAC3V557,( The Chase Park Plaza),3VP0C6EFSGW1WA5E20SK2EEH87Z6MX,159.0,1
3HEA4ZVWVDM5IFM0FGWR4MUAC3V557,( The Chase Park Plaza),3IXEICO792J595VYBXTWOS992FVT6L,131.0,1
3HEA4ZVWVDM5IFM0FGWR4MUAC3V557,( The Chase Park Plaza),3S3AMIZX3U5N8X82ZY6K5OJXVFMDCI,51.0,0
3HEA4ZVWVDM5IFM0FGWR4MUAC3V557,( The Chase Park Plaza),3PJ71Z61R42RI4LN7LCY2WHG0XH190,1137.0,1
3HEA4ZVWVDM5IFM0FGWR4MUAC3V557,( The Chase Park Plaza),3ON104KXQKWJMZVENE5SEEWUAIEW40,88.0,1
3HEA4ZVWVDM5IFM0FGWR4MUAC3V557,( The Chase Park Plaza),3LEIZ60CDJZOD06VFWLQUQ1SDCBZ94,74.0,1
3HEA4ZVWVDM5IFM0FGWR4MUAC3V557,( The Chase Park Plaza),3KOPY89HM82CYJCBG1HUFJAGUMSJ3Q,145.0,0
3FO95NVK5C0VT4I9OJM20Y9YI5RSR9,( DoubleTree by Hilton St Louis Union Station),3HYA4D452RJ78ZUWTBC4HBDWV1H2F1,999.0,0
3FO95NVK5C0VT4I9OJM20Y9YI5RSR9,( DoubleTree by Hilton St Louis Union Station),33SA9F9TRXU1E1S7CKH5N08LN71WEZ,115.0,1
3FO95NVK5C0VT4I9OJM20Y9YI5RSR9,( DoubleTree by Hilton St Louis Union Station),3OWEPKL089CQIS4JXBCCL73D88UN7E,41.0,0
3FO95NVK5C0VT4I9OJM20Y9YI5RSR9,( DoubleTree by Hilton St Louis Union Station),3A1COHJ8NJV28ANR4I95UN2CXGW8HI,32.0,0
3FO95NVK5C0VT4I9OJM20Y9YI5RSR9,( DoubleTree by Hilton St Louis Union Station),3XM0HYN6NKZBUSV60Y3AV60PUA5EPT,80.0,0
3FO95NVK5C0VT4I9OJM20Y9YI5RSR9,( DoubleTree by Hilton St Louis Union Station),3MX2NQ3YC9UG7I44BOKOLPGFJGM5XE,16.0,0
3FO95NVK5C0VT4I9OJM20Y9YI5RSR9,( DoubleTree by Hilton St Louis Union Station),3OS4RQUCR9F1WCUSC45FI4G0P7DBFV,300.0,0
3FO95NVK5C0VT4I9OJM20Y9YI5RSR9,( DoubleTree by Hilton St Louis Union Station),3ATPCQ38J8A2DT6VBGX7CE3AD0JYAL,153.0,1
3FO95NVK5C0VT4I9OJM20Y9YI5RSR9,( DoubleTree by Hilton St Louis Union Station),3KAKFY4PGU2G38S5YJWU3IVGH713IW,127.0,0
31N9JPQXIPILOXC1KITMN0XM8XLNHV,( Crowne Plaza St. Louis - Downtown),3634BBTX0OUBJK8YIEXW4RKDKXDIFR,201.0,0
31N9JPQXIPILOXC1KITMN0XM8XLNHV,( Crowne Plaza St. Louis - Downtown),3WJ1OXY92AGNYNFDYCZDD1F8KL4A87,47.0,0
31N9JPQXIPILOXC1KITMN0XM8XLNHV,( Crowne Plaza St. Louis - Downtown),32Q90QCQ1SLAJ1YQN6Y2ZPEQ005EKY,152.0,0
31N9JPQXIPILOXC1KITMN0XM8XLNHV,( Crowne Plaza St. Louis - Downtown),3F6KKYWMNB16Z15TOOFYLZD9UJIDNI,134.0,1
31N9JPQXIPILOXC1KITMN0XM8XLNHV,( Crowne Plaza St. Louis - Downtown),386CSBG1OZMSHP36UTZ1JNYMI8K6Q8,46.0,0
31N9JPQXIPILOXC1KITMN0XM8XLNHV,( Crowne Plaza St. Louis - Downtown),3KKG4CDWKIY8A3I6U3V00UOJCIN94J,111.0,0
31N9JPQXIPILOXC1KITMN0XM8XLNHV,( Crowne Plaza St. Louis - Downtown),3YOH7BII097RLCKCIWNCZT2C0W0VKF,127.0,0
31N9JPQXIPILOXC1KITMN0XM8XLNHV,( Crowne Plaza St. Louis - Downtown),317HQ483I7SN7CLFG2G9CWTMMPSINT,38.0,1
31N9JPQXIPILOXC1KITMN0XM8XLNHV,( Crowne Plaza St. Louis - Downtown),3TDXMTX3CBUF0RFNHLUSAL70R0LI63,784.0,0
3NRZ1LDP7W67I3O86JCLRW6M423PZJ,( Hilton Saint Louis Airport),3PZDLQMM0TL05NAM29M395STYON2CO,962.0,0
3NRZ1LDP7W67I3O86JCLRW6M423PZJ,( Hilton Saint Louis Airport),3A1PQ49WVHHKXA365X0QFDF4JAO1HP,43.0,0
3NRZ1LDP7W67I3O86JCLRW6M423PZJ,( Hilton Saint Louis Airport),3VJ40NV2QINVYB12BTFQ5SV0NFSOT8,75.0,0
3NRZ1LDP7W67I3O86JCLRW6M423PZJ,( Hilton Saint Louis Airport),32VNZTT0A74EE3ESOKVMRFODI3Y4R4,62.0,0
3NRZ1LDP7W67I3O86JCLRW6M423PZJ,( Hilton Saint Louis Airport),3P4RDNWND56ROMUU14OHJPC5D49IJ9,275.0,0
3NRZ1LDP7W67I3O86JCLRW6M423PZJ,( Hilton Saint Louis Airport),37Q970SNZE89NJHMGRCPJRM6SLMS1I,369.0,0
3NRZ1LDP7W67I3O86JCLRW6M423PZJ,( Hilton Saint Louis Airport),3LRKMWOKB5HDDGLWUN6BK3TE7612ZF,482.0,0
3NRZ1LDP7W67I3O86JCLRW6M423PZJ,( Hilton Saint Louis Airport),3CFVK00FWLLHQSNT2OR521ZS82W6LI,37.0,0
3NRZ1LDP7W67I3O86JCLRW6M423PZJ,( Hilton Saint Louis Airport),333U7HK6I9FAGBE89QN6SSWSLZIJDP,286.0,0
37Y5RYYI0P5FQ04LXISUPGVMJMCXSA,( The Westin St Louis),3VD82FOHKQOECUZRP7K0GIVWZTKCO5,371.0,0
37Y5RYYI0P5FQ04LXISUPGVMJMCXSA,( The Westin St Louis),33L7PJKHCGYSDJEM4CQU86508AJ8TK,394.0,0
37Y5RYYI0P5FQ04LXISUPGVMJMCXSA,( The Westin St Louis),3YMU66OBIN8H1PT9NGLTM0JALZ8HG6,78.0,0
37Y5RYYI0P5FQ04LXISUPGVMJMCXSA,( The Westin St Louis),3EFVCAY5L39YZGIHSICQ60IRA8Z8JM,154.0,1
37Y5RYYI0P5FQ04LXISUPGVMJMCXSA,( The Westin St Louis),3HMIGG0U4L6OU5DGEIDTGNXFNC8Y86,79.0,0
37Y5RYYI0P5FQ04LXISUPGVMJMCXSA,( The Westin St Louis),39LOEL67OS5NE2GSPXK3QT12EBG83D,49.0,0
37Y5RYYI0P5FQ04LXISUPGVMJMCXSA,( The Westin St Louis),39U1BHVTDLR6CM8GSVVYHPXPSO0T3M,467.0,0
37Y5RYYI0P5FQ04LXISUPGVMJMCXSA,( The Westin St Louis),320DUZ38G7MDSVOZBGOEYDZPYRIJGJ,46.0,0
37Y5RYYI0P5FQ04LXISUPGVMJMCXSA,( The Westin St Louis),3Q5ZZ9ZEVOFQSH3W3G8W5QZMS7K58D,124.0,1
36D1BWBEHN1BRPOJPWBFNH2KEOU2MT,( Hilton St. Louis Downtown at the Arch),3OWEPKL089CQIS4JXBCCL73D87LN73,711.0,0
36D1BWBEHN1BRPOJPWBFNH2KEOU2MT,( Hilton St. Louis Downtown at the Arch),3EA3QWIZ4IVL2PQZDY2LLVZEB6MTIB,52.0,0
36D1BWBEHN1BRPOJPWBFNH2KEOU2MT,( Hilton St. Louis Downtown at the Arch),3VSOLARPKB9NS7Z2UPQHQPWDYHV39U,48.0,0
36D1BWBEHN1BRPOJPWBFNH2KEOU2MT,( Hilton St. Louis Downtown at the Arch),3R3YRB5GRF3LWKMQ1F0I9TXXHC4AUV,307.0,0
36D1BWBEHN1BRPOJPWBFNH2KEOU2MT,( Hilton St. Louis Downtown at the Arch),3QRYMNZ7FYHDGQ1QAEFDQ3VVX55TNG,21.0,1
36D1BWBEHN1BRPOJPWBFNH2KEOU2MT,( Hilton St. Louis Downtown at the Arch),3OS4RQUCR9F1WCUSC45FI4G0P7KBF2,140.0,0
36D1BWBEHN1BRPOJPWBFNH2KEOU2MT,( Hilton St. Louis Downtown at the Arch),3HVVDCPGTES7SP54HGOO7JT21QXYT1,92.0,0
36D1BWBEHN1BRPOJPWBFNH2KEOU2MT,( Hilton St. Louis Downtown at the Arch),3VD82FOHKQOECUZRP7K0GIVWZUBCOY,474.0,0
36D1BWBEHN1BRPOJPWBFNH2KEOU2MT,( Hilton St. Louis Downtown at the Arch),3FFJ6VRIL1OKMGT8FWEB1KX9EWHI0I,57.0,1
3S8A4GJRD33IZD1TQQO90Q29LM7V6J,( Holiday Inn St. Louis - Downtown Conv Ctr),3FDJT1UU748ANI5XC55ZVV8DN7QK5N,953.0,0
3S8A4GJRD33IZD1TQQO90Q29LM7V6J,( Holiday Inn St. Louis - Downtown Conv Ctr),3AQF3RZ558IVQ0DXGDO77OU8B6R6FU,54.0,0
3S8A4GJRD33IZD1TQQO90Q29LM7V6J,( Holiday Inn St. Louis - Downtown Conv Ctr),3L4D84MILZSRSRJAVM6WJDBQDRQHJB,37.0,0
3S8A4GJRD33IZD1TQQO90Q29LM7V6J,( Holiday Inn St. Louis - Downtown Conv Ctr),3NGMS9VZTLIR9T68H6RB1U7L450FFC,156.0,0
3S8A4GJRD33IZD1TQQO90Q29LM7V6J,( Holiday Inn St. Louis - Downtown Conv Ctr),3ERMJ6L4DYSK0AJJLAXC8SED3I0M7T,40.0,0
3S8A4GJRD33IZD1TQQO90Q29LM7V6J,( Holiday Inn St. Louis - Downtown Conv Ctr),33IZTU6J811HDK2FNKXWE0Q7X01SXA,249.0,0
3S8A4GJRD33IZD1TQQO90Q29LM7V6J,( Holiday Inn St. Louis - Downtown Conv Ctr),33FOTY3KEMLTG2SQJ5MP4MIO6I2C1A,36.0,0
3S8A4GJRD33IZD1TQQO90Q29LM7V6J,( Holiday Inn St. Louis - Downtown Conv Ctr),3ERET4BTVM9TO579FVIG7BDF9359KZ,114.0,1
3S8A4GJRD33IZD1TQQO90Q29LM7V6J,( Holiday Inn St. Louis - Downtown Conv Ctr),3RGU30DZTA8DK5KLMJM9BIJMUEGJMF,80.0,0
39XCQ6V3KY411JMEKZ6WWS8A8Y656N,( Comfort Inn St Louis - Westport),3H8DHMCCW9B5RVKQRBNIT7W50ONDKN,980.0,0
39XCQ6V3KY411JMEKZ6WWS8A8Y656N,( Comfort Inn St Louis - Westport),3L4D84MILZSRSRJAVM6WJDBQDROHJ9,34.0,0
39XCQ6V3KY411JMEKZ6WWS8A8Y656N,( Comfort Inn St Louis - Westport),33IZTU6J811HDK2FNKXWE0Q7X00XSE,235.0,1
39XCQ6V3KY411JMEKZ6WWS8A8Y656N,( Comfort Inn St Louis - Westport),3OXV7EAXLEQ0AOX4WIN56F5B8G5634,62.0,0
39XCQ6V3KY411JMEKZ6WWS8A8Y656N,( Comfort Inn St Louis - Westport),3KOPY89HM82CYJCBG1HUFJAGUMQJ3O,42.0,0
39XCQ6V3KY411JMEKZ6WWS8A8Y656N,( Comfort Inn St Louis - Westport),35GMH2SV3EHT9SJ5LYQV66VZK62EO7,86.0,0
39XCQ6V3KY411JMEKZ6WWS8A8Y656N,( Comfort Inn St Louis - Westport),32AT8R96GL9PWG8KIFM9UTR33J1SU1,164.0,0
39XCQ6V3KY411JMEKZ6WWS8A8Y656N,( Comfort Inn St Louis - Westport),35K3O9HUABDZ3F6CMV75JCMLS5TEF3,73.0,0
39XCQ6V3KY411JMEKZ6WWS8A8Y656N,( Comfort Inn St Louis - Westport),3TEM0PF1Q5X3E5DMNID0ANHWMR40DT,711.0,1
3FK4G712NX07UJIM38M7Q8EU47ASSX,( Drury Inn & Suites St. Louis Convention Center),3JV9LGBJWTERT6FWRTGJ69GBXKAGOF,1021.0,0
3FK4G712NX07UJIM38M7Q8EU47ASSX,( Drury Inn & Suites St. Louis Convention Center),3AMW0RGHOD2FOY8JTX6TLTUY82XPNK,93.0,0
3FK4G712NX07UJIM38M7Q8EU47ASSX,( Drury Inn & Suites St. Louis Convention Center),3B2X28YI3WF5DJ1HBB2BOY3NW8UB6C,75.0,0
3FK4G712NX07UJIM38M7Q8EU47ASSX,( Drury Inn & Suites St. Louis Convention Center),3HPZF4IVNMTQ683TVUTYI9TYD3SCYP,69.0,0
3FK4G712NX07UJIM38M7Q8EU47ASSX,( Drury Inn & Suites St. Louis Convention Center),3DH6GAKTYYP3E1E3N8D6T7UJMLGZYD,86.0,0
3FK4G712NX07UJIM38M7Q8EU47ASSX,( Drury Inn & Suites St. Louis Convention Center),3XLBSAQ9Z4CKZHI20ZN6GUAMIM8Z7D,166.0,0
3FK4G712NX07UJIM38M7Q8EU47ASSX,( Drury Inn & Suites St. Louis Convention Center),3KJYX6QCM9BWASEU0BN0YE2ZL66JV8,78.0,0
3FK4G712NX07UJIM38M7Q8EU47ASSX,( Drury Inn & Suites St. Louis Convention Center),3V5Q80FXIXRCSNE39GB2G2OZSBU32B,19.0,0
3FK4G712NX07UJIM38M7Q8EU47ASSX,( Drury Inn & Suites St. Louis Convention Center),3SKEMFQBZ35TA0OZA3C27FI4PXC8KY,211.0,0
3BAWBGQGYLZ13DFY90T16425GXRV7I,( Embassy Suites St. Louis - Downtown),3LRLIPTPEQ97TOHE71WG36OZFLOKAQ,287.0,0
3BAWBGQGYLZ13DFY90T16425GXRV7I,( Embassy Suites St. Louis - Downtown),3X31TUMD7XMMJ6MWWIFO758B0RP1LO,217.0,0
3BAWBGQGYLZ13DFY90T16425GXRV7I,( Embassy Suites St. Louis - Downtown),3GNCZX450IN84FEUKT1OZNAY9VXPAZ,575.0,0
3BAWBGQGYLZ13DFY90T16425GXRV7I,( Embassy Suites St. Louis - Downtown),3NG53N1RLVJULRLFNVHA3W43J7YP8W,112.0,0
3BAWBGQGYLZ13DFY90T16425GXRV7I,( Embassy Suites St. Louis - Downtown),3FPRZHYEPY7LPEC5XQVDI7LAP98V3W,27.0,0
3BAWBGQGYLZ13DFY90T16425GXRV7I,( Embassy Suites St. Louis - Downtown),3X87C8JFV6BX4N131624KSUE0XTSQS,35.0,0
3BAWBGQGYLZ13DFY90T16425GXRV7I,( Embassy Suites St. Louis - Downtown),3WS1NTTKEYC0CPRIEO8QYNKHY320FK,185.0,1
3BAWBGQGYLZ13DFY90T16425GXRV7I,( Embassy Suites St. Louis - Downtown),3WJEQKOXA825NNVSZRQYYRS06F8A1X,23.0,0
3BAWBGQGYLZ13DFY90T16425GXRV7I,( Embassy Suites St. Louis - Downtown),3HMVI3QICJS6J5TVFX4E1DA796P1YC,173.0,0
3YO4AH2FPDKVGUJX22EIL2TARR6Q0J,( Pear Tree Inn St. Louis Near Union Station),30H4UDGLT2I96GNJHWRT8E5Y3CMMPG,626.0,0
3YO4AH2FPDKVGUJX22EIL2TARR6Q0J,( Pear Tree Inn St. Louis Near Union Station),3OCHAWUVGOKJP1P7IBOUNEZXG62XKC,69.0,0
3YO4AH2FPDKVGUJX22EIL2TARR6Q0J,( Pear Tree Inn St. Louis Near Union Station),3GLB5JMZFXV0P9O71K23VF4CT7BGDS,287.0,1
3YO4AH2FPDKVGUJX22EIL2TARR6Q0J,( Pear Tree Inn St. Louis Near Union Station),3L4PIM1GQTGUCASCDRJT74SKD4VYRH,33.0,0
3YO4AH2FPDKVGUJX22EIL2TARR6Q0J,( Pear Tree Inn St. Louis Near Union Station),3QAPZX2QN4DGBVF6QTTJE4QSPZ802B,128.0,0
3YO4AH2FPDKVGUJX22EIL2TARR6Q0J,( Pear Tree Inn St. Louis Near Union Station),3MMN5BL1WZ42ZRIWJYUMVB2XYGB3M2,17.0,0
3YO4AH2FPDKVGUJX22EIL2TARR6Q0J,( Pear Tree Inn St. Louis Near Union Station),36V4Q8R5ZK0U6SOYH96I8JV888WMQV,132.0,1
3YO4AH2FPDKVGUJX22EIL2TARR6Q0J,( Pear Tree Inn St. Louis Near Union Station),3DL65MZB8DFS03M2VTH4B61IVR7CEU,39.0,0
3YO4AH2FPDKVGUJX22EIL2TARR6Q0J,( Pear Tree Inn St. Louis Near Union Station),345LHZDEDXSLCZN5S0L8MLJRB2SU3Z,102.0,1
3GITHABACYLH979J1XQF0WRKJE42NT,( Hampton Inn & Suites Saint Louis at Forest Park),39ASUFLU6X7G31XXMPDRPJMSW92EX5,50.0,1
3GITHABACYLH979J1XQF0WRKJE42NT,( Hampton Inn & Suites Saint Louis at Forest Park),3YW4XOSQKQLP2W9Q5W7PYS4UDIHU1A,288.0,1
3GITHABACYLH979J1XQF0WRKJE42NT,( Hampton Inn & Suites Saint Louis at Forest Park),3TS1AR6UQQEEU0R2ZNTZD2U46H87FR,94.0,1
3GITHABACYLH979J1XQF0WRKJE42NT,( Hampton Inn & Suites Saint Louis at Forest Park),3SKEMFQBZ35TA0OZA3C27FI4PX0K8Y,24.0,1
3GITHABACYLH979J1XQF0WRKJE42NT,( Hampton Inn & Suites Saint Louis at Forest Park),33CKWXB73JK9TZIS38X5NQZX2LA118,21.0,1
3GITHABACYLH979J1XQF0WRKJE42NT,( Hampton Inn & Suites Saint Louis at Forest Park),3X3OR7WPZZ04U66HV3O3MFVJEXML8J,59.0,1
3GITHABACYLH979J1XQF0WRKJE42NT,( Hampton Inn & Suites Saint Louis at Forest Park),3LKC68YZ3A3NQS5W6YK1SC2ZR9WOWK,113.0,1
3GITHABACYLH979J1XQF0WRKJE42NT,( Hampton Inn & Suites Saint Louis at Forest Park),3J2UYBXQQLC4TWY7DV5M4H7454Q60E,211.0,1
3GITHABACYLH979J1XQF0WRKJE42NT,( Hampton Inn & Suites Saint Louis at Forest Park),3NLZY2D53PPA0A6DHX5386GJ84ILQ6,165.0,1
3DW3BNF1GHI53RKHJ5L7K4Y0RHXV85,( Red Roof Inn St Louis - Forest Park Hampton Avenue),3R0T90IZ1SCQKHIT1O7SB9MU87UCGJ,305.0,1
3DW3BNF1GHI53RKHJ5L7K4Y0RHXV85,( Red Roof Inn St Louis - Forest Park Hampton Avenue),3NL0RFNU0FNSRZ1XY0MPQ32ZNBVK4I,729.0,1
3DW3BNF1GHI53RKHJ5L7K4Y0RHXV85,( Red Roof Inn St Louis - Forest Park Hampton Avenue),3RKNTXVS3MYMFMSBM990WPZ3IZ5A4X,56.0,1
3DW3BNF1GHI53RKHJ5L7K4Y0RHXV85,( Red Roof Inn St Louis - Forest Park Hampton Avenue),39OWYR0EPKRX9KN3MWJZQFE1AGIYFK,218.0,1
3DW3BNF1GHI53RKHJ5L7K4Y0RHXV85,( Red Roof Inn St Louis - Forest Park Hampton Avenue),3LYA37P8IQNCCYM6DFWCYH85X30KBC,147.0,1
3DW3BNF1GHI53RKHJ5L7K4Y0RHXV85,( Red Roof Inn St Louis - Forest Park Hampton Avenue),34Q075JO1XD9MAXA7PT59LGNXT9019,236.0,1
3DW3BNF1GHI53RKHJ5L7K4Y0RHXV85,( Red Roof Inn St Louis - Forest Park Hampton Avenue),3CN4LGXD5XONB4QE2FNGZBHALRQY4F,113.0,1
3DW3BNF1GHI53RKHJ5L7K4Y0RHXV85,( Red Roof Inn St Louis - Forest Park Hampton Avenue),32AT8R96GL9PWG8KIFM9UTR33JNSUN,38.0,1
3DW3BNF1GHI53RKHJ5L7K4Y0RHXV85,( Red Roof Inn St Louis - Forest Park Hampton Avenue),3II4UPYCOJ7R2YIL4G7FPT8EZWDDQH,92.0,1
35NNO802AVWLKSNLQ0B7NCY18A0NIO,( Courtyard St Louis Downtown),36V4Q8R5ZK0U6SOYH96I8JV8874QM5,97.0,1
35NNO802AVWLKSNLQ0B7NCY18A0NIO,( Courtyard St Louis Downtown),3E4GGUZ1T8RIOLMAUM31XO513XW2K1,181.0,1
35NNO802AVWLKSNLQ0B7NCY18A0NIO,( Courtyard St Louis Downtown),3U0SRXB7CD500BOY6PAIQOUD9KJNR8,97.0,0
35NNO802AVWLKSNLQ0B7NCY18A0NIO,( Courtyard St Louis Downtown),3PQMUDRV7R6VTBAOJM3H7OX50P7IIK,140.0,0
35NNO802AVWLKSNLQ0B7NCY18A0NIO,( Courtyard St Louis Downtown),3KB8R4ZV1E77ACQNNOBX0PGCQM3GBP,19.0,0
35NNO802AVWLKSNLQ0B7NCY18A0NIO,( Courtyard St Louis Downtown),37FMASSAYCRL63WIDCB0L1TS5Z4IBS,17.0,0
35NNO802AVWLKSNLQ0B7NCY18A0NIO,( Courtyard St Louis Downtown),39DD6S19JPB58WXCN71CM42349JZE6,472.0,0
35NNO802AVWLKSNLQ0B7NCY18A0NIO,( Courtyard St Louis Downtown),3CFVK00FWLLHQSNT2OR521ZS82TL6U,392.0,1
35NNO802AVWLKSNLQ0B7NCY18A0NIO,( Courtyard St Louis Downtown),3PWWM24LHSYYTKK9LX6Y7JWA8XT82F,209.0,0
3Y40HMYLL1IV5DWPMNNU4HDA4JXXUQ,( Drury Inn Saint Louis Union Station),32Q90QCQ1SLAJ1YQN6Y2ZPEQ00NKEM,1015.0,0
3Y40HMYLL1IV5DWPMNNU4HDA4JXXUQ,( Drury Inn Saint Louis Union Station),3EF8EXOTT1VGOGYWTX3BRQVJW2VJ1F,111.0,0
3Y40HMYLL1IV5DWPMNNU4HDA4JXXUQ,( Drury Inn Saint Louis Union Station),3OVHNO1VE610GQJCRCQSGMKI4XIDZR,19.0,0
3Y40HMYLL1IV5DWPMNNU4HDA4JXXUQ,( Drury Inn Saint Louis Union Station),34S6N1K2ZVJXNH7AY7I9ZSOIHG5HLN,158.0,1
3Y40HMYLL1IV5DWPMNNU4HDA4JXXUQ,( Drury Inn Saint Louis Union Station),3TAYZSBPLL8GC4ZIZVC3OAWBKR4S23,62.0,1
3Y40HMYLL1IV5DWPMNNU4HDA4JXXUQ,( Drury Inn Saint Louis Union Station),32Q90QCQ1SLAJ1YQN6Y2ZPEQ011EKW,238.0,0
3Y40HMYLL1IV5DWPMNNU4HDA4JXXUQ,( Drury Inn Saint Louis Union Station),31IBVUNM9SZG5QSYHLWFJGA7S0NVFH,21.0,1
3Y40HMYLL1IV5DWPMNNU4HDA4JXXUQ,( Drury Inn Saint Louis Union Station),3LWJHTCVCCMO0IWHVM25DTBZB8CQFM,157.0,0
3Y40HMYLL1IV5DWPMNNU4HDA4JXXUQ,( Drury Inn Saint Louis Union Station),3HOSI13XHZOXDPEGZU1VPU1FGGCDDY,121.0,1
3SZYX62S5G0K5J0J39BO268639Q57M,( Hampton Inn & Suites St Louis - South I-55),3EFE17QCRC5KRU20IGFABE2D99PHSB,361.0,0
3SZYX62S5G0K5J0J39BO268639Q57M,( Hampton Inn & Suites St Louis - South I-55),3BEFOD78W6TNHN10JCZ55GU3CFM4M1,302.0,0
3SZYX62S5G0K5J0J39BO268639Q57M,( Hampton Inn & Suites St Louis - South I-55),3LWJHTCVCCMO0IWHVM25DTBZB7YFQV,38.0,0
3SZYX62S5G0K5J0J39BO268639Q57M,( Hampton Inn & Suites St Louis - South I-55),337RC3OW05225I2U3WZDETFRPV4VLF,65.0,0
3SZYX62S5G0K5J0J39BO268639Q57M,( Hampton Inn & Suites St Louis - South I-55),3PZDLQMM0TL05NAM29M395STYOE2CF,57.0,1
3SZYX62S5G0K5J0J39BO268639Q57M,( Hampton Inn & Suites St Louis - South I-55),3IO1LGZLK9XMBL3A8ZI1XWDMO2V86W,306.0,1
3SZYX62S5G0K5J0J39BO268639Q57M,( Hampton Inn & Suites St Louis - South I-55),37Q970SNZE89NJHMGRCPJRM6SLNS1J,67.0,0
3SZYX62S5G0K5J0J39BO268639Q57M,( Hampton Inn & Suites St Louis - South I-55),32VNZTT0A74EE3ESOKVMRFODI4XR4S,68.0,0
3SZYX62S5G0K5J0J39BO268639Q57M,( Hampton Inn & Suites St Louis - South I-55),37UQDCYH6XV3QXDSZ2Y3VOXQUCE7VZ,634.0,1
3SV8KD29L4S67CRSTR7DVFKNASXZKS,( Magnolia St. Louis),3Z2R0DQ0JHEF2LU0Y0SYZTSWJZZE2Q,153.0,1
3SV8KD29L4S67CRSTR7DVFKNASXZKS,( Magnolia St. Louis),3SPJ0334213DEM9Z5MAK5D6T3MPYJB,1037.0,0
3SV8KD29L4S67CRSTR7DVFKNASXZKS,( Magnolia St. Louis),3VJ40NV2QINVYB12BTFQ5SV0NFNOT3,215.0,0
3SV8KD29L4S67CRSTR7DVFKNASXZKS,( Magnolia St. Louis),3P1L2B7AD1P7FYTX2KDZJ1LJT22LOY,32.0,0
3SV8KD29L4S67CRSTR7DVFKNASXZKS,( Magnolia St. Louis),3L4PIM1GQTGUCASCDRJT74SKD4XRYC,60.0,0
3SV8KD29L4S67CRSTR7DVFKNASXZKS,( Magnolia St. Louis),39U1BHVTDLR6CM8GSVVYHPXPSOG3TC,32.0,0
3SV8KD29L4S67CRSTR7DVFKNASXZKS,( Magnolia St. Louis),3YHH42UU5BFMCH1E0ZBOT0P1V0T0LW,32.0,0
3SV8KD29L4S67CRSTR7DVFKNASXZKS,( Magnolia St. Louis),3LYA37P8IQNCCYM6DFWCYH85X4VKB9,75.0,0
3SV8KD29L4S67CRSTR7DVFKNASXZKS,( Magnolia St. Louis),3LEIZ60CDJZOD06VFWLQUQ1SDDE9ZJ,77.0,1
351S7I5UG9WHF37R8IW7ZDD1LPPNJ0,( Moonrise),3TPWUS5F891MH38TGTBAXC8I2UHWCX,152.0,1
351S7I5UG9WHF37R8IW7ZDD1LPPNJ0,( Moonrise),3TY7ZAOG5FKBSBJWFZZNE0CM6ZFK02,406.0,0
351S7I5UG9WHF37R8IW7ZDD1LPPNJ0,( Moonrise),37TRT2X24QRH1EGOVUW0X28SIEDJBP,47.0,1
351S7I5UG9WHF37R8IW7ZDD1LPPNJ0,( Moonrise),3QY5DC2MXRKGSB3YCVMANU8OES3FUZ,118.0,1
351S7I5UG9WHF37R8IW7ZDD1LPPNJ0,( Moonrise),3907X2AHF05JZCJQ7E89T5R0X7C2PC,201.0,0
351S7I5UG9WHF37R8IW7ZDD1LPPNJ0,( Moonrise),3RXCAC0YIRPO8ESGKCRN9NQBIGVG83,134.0,1
351S7I5UG9WHF37R8IW7ZDD1LPPNJ0,( Moonrise),3IXEICO792J595VYBXTWOS992FF6TI,230.0,1
351S7I5UG9WHF37R8IW7ZDD1LPPNJ0,( Moonrise),31UV0MXWNQCJHNF9C2KNIFT0V3PI5Y,24.0,1
351S7I5UG9WHF37R8IW7ZDD1LPPNJ0,( Moonrise),3VFJCI1K4ZZUQJ7CJLXN04LG88PGRL,50.0,1
3DGDV62G7O9HCSLWHC374LWFJT52PP,( Holiday Inn Express St Louis),3CN4LGXD5XONB4QE2FNGZBHALPZY4K,911.0,1
3DGDV62G7O9HCSLWHC374LWFJT52PP,( Holiday Inn Express St Louis),3TE3O8573084BPZ5K6CYY0RFYPSR2L,276.0,0
3DGDV62G7O9HCSLWHC374LWFJT52PP,( Holiday Inn Express St Louis),37WLF8U1WPQ66M5BHOF4N1MDJ22K64,148.0,1
3DGDV62G7O9HCSLWHC374LWFJT52PP,( Holiday Inn Express St Louis),324G5B4FB38NXWCCW5AEAV700FK07H,77.0,1
3DGDV62G7O9HCSLWHC374LWFJT52PP,( Holiday Inn Express St Louis),3HHRAGRYX85CEWSODNA9ESUOT8RO9A,23.0,0
3DGDV62G7O9HCSLWHC374LWFJT52PP,( Holiday Inn Express St Louis),3ZPBJO59KP1EP5JILQKLGFGD876DH6,307.0,1
3DGDV62G7O9HCSLWHC374LWFJT52PP,( Holiday Inn Express St Louis),3TOK3KHVJTI80D4VYQCP0W3IYJL7O1,113.0,1
3DGDV62G7O9HCSLWHC374LWFJT52PP,( Holiday Inn Express St Louis),3R9WASFE2ZGXEAX8IILI4MN3GB8ZF0,92.0,1
3DGDV62G7O9HCSLWHC374LWFJT52PP,( Holiday Inn Express St Louis),3TUI152ZZBNXA329ONNKOR75AZA1QF,322.0,1
363A7XIFV4MJMFDWG35LGV4VH5XVA9,( Courtyard Saint Louis Westport Plaza),3WAKVUDHUWG3DIOSUCOYZ2V7G4HU77,604.0,0
363A7XIFV4MJMFDWG35LGV4VH5XVA9,( Courtyard Saint Louis Westport Plaza),34Q075JO1XD9MAXA7PT59LGNXTG01G,50.0,0
363A7XIFV4MJMFDWG35LGV4VH5XVA9,( Courtyard Saint Louis Westport Plaza),379J5II41OGL37G886A3EPR5P0WLEU,46.0,0
363A7XIFV4MJMFDWG35LGV4VH5XVA9,( Courtyard Saint Louis Westport Plaza),3FE7TXL1LIN4ZOK57RNYTAHA23UQ2N,64.0,1
363A7XIFV4MJMFDWG35LGV4VH5XVA9,( Courtyard Saint Louis Westport Plaza),3WMOAN2SRBXSTI5FF9FSRLJGUQ3NV8,112.0,0
363A7XIFV4MJMFDWG35LGV4VH5XVA9,( Courtyard Saint Louis Westport Plaza),3JV9LGBJWTERT6FWRTGJ69GBXLKOGZ,284.0,0
363A7XIFV4MJMFDWG35LGV4VH5XVA9,( Courtyard Saint Louis Westport Plaza),33NF62TLXJ2IUHKI179TW5RI588JKV,490.0,1
363A7XIFV4MJMFDWG35LGV4VH5XVA9,( Courtyard Saint Louis Westport Plaza),3A4TN5196KI4KDD4LUPAW9YVN8BCHO,183.0,0
363A7XIFV4MJMFDWG35LGV4VH5XVA9,( Courtyard Saint Louis Westport Plaza),39ZSFO5CA8WWXDPUVLDV2S0G70PJUD,675.0,0
3HA5ODM5KASNMBZQX3RC1VY13B4SV2,( Missouri Athletic Club),3J88R45B2GYK0SMNV3T2JVLWAF1PXW,798.0,0
3HA5ODM5KASNMBZQX3RC1VY13B4SV2,( Missouri Athletic Club),3C44YUNSI1P62MH643SQPOI4UYRPDY,182.0,1
3HA5ODM5KASNMBZQX3RC1VY13B4SV2,( Missouri Athletic Club),3FTYUGLFSUL29CZNKOJCRIDN3YR5DT,98.0,0
3HA5ODM5KASNMBZQX3RC1VY13B4SV2,( Missouri Athletic Club),3R3YRB5GRF3LWKMQ1F0I9TXXHCPUA0,59.0,0
3HA5ODM5KASNMBZQX3RC1VY13B4SV2,( Missouri Athletic Club),34HJIJKLP5W67AV9X40WSCDG3934VP,94.0,1
3HA5ODM5KASNMBZQX3RC1VY13B4SV2,( Missouri Athletic Club),3X66WABAJWI27HMA8VWRI6I02UMG3U,65.0,0
3HA5ODM5KASNMBZQX3RC1VY13B4SV2,( Missouri Athletic Club),3VW04L3ZLT6P91OEHU3JD87ZCFPXX9,142.0,1
3HA5ODM5KASNMBZQX3RC1VY13B4SV2,( Missouri Athletic Club),3J4Q2Z4UTY3QB4ICLBC5HHXZ6A2WQO,25.0,0
3HA5ODM5KASNMBZQX3RC1VY13B4SV2,( Missouri Athletic Club),3HL8HNGX451I8JFVEKRJRYLA17G9FP,103.0,0
3GS542CVJVNOJ2OCI698G2ZCYZE59Y,( Best Western Kirkwood Inn),36PW28KO4ZW47OP4BFLD5BBUVNRAET,1126.0,0
3GS542CVJVNOJ2OCI698G2ZCYZE59Y,( Best Western Kirkwood Inn),3TEM0PF1Q5X3E5DMNID0ANHWMQID0I,66.0,0
3GS542CVJVNOJ2OCI698G2ZCYZE59Y,( Best Western Kirkwood Inn),3VHP9MDGRNKK6HMYQ41ATOMI7SYFCR,79.0,0
3GS542CVJVNOJ2OCI698G2ZCYZE59Y,( Best Western Kirkwood Inn),3DR23U6WE5E9MKODHFCU0G1MJDOETW,56.0,0
3GS542CVJVNOJ2OCI698G2ZCYZE59Y,( Best Western Kirkwood Inn),38YMOXR4MUZX1MZS62Y7BCG869U6W5,116.0,1
3GS542CVJVNOJ2OCI698G2ZCYZE59Y,( Best Western Kirkwood Inn),3Z4AIRP3C6DHJ03LA1ICIZ3Y70OX1V,24.0,1
3GS542CVJVNOJ2OCI698G2ZCYZE59Y,( Best Western Kirkwood Inn),31QNSG6A5RT5FLHFR9NT3ADIJDG87W,257.0,1
3GS542CVJVNOJ2OCI698G2ZCYZE59Y,( Best Western Kirkwood Inn),36NEMU28XFDZQPKKTI5O08DUW9FWMB,51.0,0
3GS542CVJVNOJ2OCI698G2ZCYZE59Y,( Best Western Kirkwood Inn),3VELCLL3GKJ0JEC0A7CQCS3R3WA1FS,139.0,0
3ZXNP4Z39RLY7834VWRVJV43PZQ7LC,( Marriott St Louis Airport),36WLNQG78ZA9QYUWHTL90MV0D5CBEP,49.0,0
3ZXNP4Z39RLY7834VWRVJV43PZQ7LC,( Marriott St Louis Airport),3QEMNNSB2XZHWGD68HY9P2RJU3K7D6,973.0,0
3ZXNP4Z39RLY7834VWRVJV43PZQ7LC,( Marriott St Louis Airport),3TS1AR6UQQEEU0R2ZNTZD2U46H6F7X,67.0,0
3ZXNP4Z39RLY7834VWRVJV43PZQ7LC,( Marriott St Louis Airport),3G5W44VEU7I83FUHT1OQZSZ2DG8KG9,28.0,0
3ZXNP4Z39RLY7834VWRVJV43PZQ7LC,( Marriott St Louis Airport),3PXX5PX6LXY60LDK1OJN4359SR1ABI,207.0,0
3ZXNP4Z39RLY7834VWRVJV43PZQ7LC,( Marriott St Louis Airport),3SBEHTYCWN3HJBPTN4PKTCRTQ8TIYE,572.0,1
3ZXNP4Z39RLY7834VWRVJV43PZQ7LC,( Marriott St Louis Airport),3KYQYYSHYV7OHM55P3FB0ODEKTPDOZ,38.0,1
3ZXNP4Z39RLY7834VWRVJV43PZQ7LC,( Marriott St Louis Airport),3RRCEFRB7MCRYWX3SN9WR0J90HDB4G,29.0,0
3ZXNP4Z39RLY7834VWRVJV43PZQ7LC,( Marriott St Louis Airport),3MD9PLUKKIE922APG64VCRWCI29ZNM,113.0,0
31GN6YMHLPS010ZVNDW8NXHFAK6SWC,( Hawthorn Suites by Wyndham St Louis Westport Plaza),3KV0LJBBH2LUIT3YUOVID95D4T6RM7,114.0,1
31GN6YMHLPS010ZVNDW8NXHFAK6SWC,( Hawthorn Suites by Wyndham St Louis Westport Plaza),3NGMS9VZTLIR9T68H6RB1U7L45LFFX,959.0,0
31GN6YMHLPS010ZVNDW8NXHFAK6SWC,( Hawthorn Suites by Wyndham St Louis Westport Plaza),337RC3OW05225I2U3WZDETFRPVYLVZ,107.0,0
31GN6YMHLPS010ZVNDW8NXHFAK6SWC,( Hawthorn Suites by Wyndham St Louis Westport Plaza),34QN5IT0TZRRXAHV6A2KOV3VBZO80A,30.0,0
31GN6YMHLPS010ZVNDW8NXHFAK6SWC,( Hawthorn Suites by Wyndham St Louis Westport Plaza),3IJXV6UZ1XJ8MAD799XQLGYWNLZRI6,93.0,0
31GN6YMHLPS010ZVNDW8NXHFAK6SWC,( Hawthorn Suites by Wyndham St Louis Westport Plaza),34Z02EIMISDAVU9J98DFFRZIPCN0T5,20.0,0
31GN6YMHLPS010ZVNDW8NXHFAK6SWC,( Hawthorn Suites by Wyndham St Louis Westport Plaza),3U0SRXB7CD500BOY6PAIQOUD9K8NRX,131.0,1
31GN6YMHLPS010ZVNDW8NXHFAK6SWC,( Hawthorn Suites by Wyndham St Louis Westport Plaza),352YTHGROVD1P90PSFJSDBM7VUI4HP,34.0,0
31GN6YMHLPS010ZVNDW8NXHFAK6SWC,( Hawthorn Suites by Wyndham St Louis Westport Plaza),3TXD01ZLD4H6UV69SEQRWQBXP3WU4U,17.0,0
3JUDR1D0D6R2C4MBHPIW4QMPOPQQ23,( Renaissance St Louis Airport),3ZWFC4W1UU7OCJBH81R5IJL47TWFRS,100.0,0
3JUDR1D0D6R2C4MBHPIW4QMPOPQQ23,( Renaissance St Louis Airport),3E4GGUZ1T8RIOLMAUM31XO513XZK2M,471.0,0
3JUDR1D0D6R2C4MBHPIW4QMPOPQQ23,( Renaissance St Louis Airport),3TVSS0C0E1033KA42F60MM8MQHPWTQ,397.0,0
3JUDR1D0D6R2C4MBHPIW4QMPOPQQ23,( Renaissance St Louis Airport),33C7UALJVLYR4Z2D2T6K20M5GR181K,126.0,0
3JUDR1D0D6R2C4MBHPIW4QMPOPQQ23,( Renaissance St Louis Airport),3LOTDFNYA7ZTKFS37V1B5ITLZ8ZFWJ,395.0,1
3JUDR1D0D6R2C4MBHPIW4QMPOPQQ23,( Renaissance St Louis Airport),3AMW0RGHOD2FOY8JTX6TLTUY82MPN9,247.0,1
3JUDR1D0D6R2C4MBHPIW4QMPOPQQ23,( Renaissance St Louis Airport),3X66WABAJWI27HMA8VWRI6I02U93G4,514.0,0
3JUDR1D0D6R2C4MBHPIW4QMPOPQQ23,( Renaissance St Louis Airport),3VNL7UK1XFJ1SYO9CQW0IYMMVERFT3,206.0,0
3JUDR1D0D6R2C4MBHPIW4QMPOPQQ23,( Renaissance St Louis Airport),374TNBHA8BVU09DC0CUT2EIFHJMQY3,129.0,0
3DZKABX2ZI57FUAU0H1CMQUJH8IVCB,( Best Western St Louis Inn),3J4Q2Z4UTY3QB4ICLBC5HHXZ6AKWQ6,1011.0,0
3DZKABX2ZI57FUAU0H1CMQUJH8IVCB,( Best Western St Louis Inn),3JWH6J9I9SDDK479ASOSQ9P9RYPBNS,17.0,0
3DZKABX2ZI57FUAU0H1CMQUJH8IVCB,( Best Western St Louis Inn),39U1BHVTDLR6CM8GSVVYHPXPSOZ3TV,128.0,0
3DZKABX2ZI57FUAU0H1CMQUJH8IVCB,( Best Western St Louis Inn),378XPAWRUCDGNTRQ7YB4QQ9MNHNAIT,288.0,0
3DZKABX2ZI57FUAU0H1CMQUJH8IVCB,( Best Western St Louis Inn),3HUTX6F6VUN1EC7PSEVU45MAN2X2OC,191.0,1
3DZKABX2ZI57FUAU0H1CMQUJH8IVCB,( Best Western St Louis Inn),3LEP4MGT3G04YSGWLYAPU4DFDU3DBS,258.0,0
3DZKABX2ZI57FUAU0H1CMQUJH8IVCB,( Best Western St Louis Inn),3RSDURM96AM536N7RLZT8XT1YFNYEM,41.0,0
3DZKABX2ZI57FUAU0H1CMQUJH8IVCB,( Best Western St Louis Inn),31Q0U3WYDPFN4LXUSOEEO0QA58P71S,40.0,0
3DZKABX2ZI57FUAU0H1CMQUJH8IVCB,( Best Western St Louis Inn),32VNZTT0A74EE3ESOKVMRFODI4Z4R7,408.0,1
37ZQELHEQ0Y7GBDCBF9ZF55IPJKNM4,( Marriott St. Louis West),3VD82FOHKQOECUZRP7K0GIVWZSHCO0,230.0,0
37ZQELHEQ0Y7GBDCBF9ZF55IPJKNM4,( Marriott St. Louis West),3VNL7UK1XFJ1SYO9CQW0IYMMVEXTFN,52.0,0
37ZQELHEQ0Y7GBDCBF9ZF55IPJKNM4,( Marriott St. Louis West),3X0H8UUIT1O2OKXPDF1ACHC0OYAWS0,289.0,0
37ZQELHEQ0Y7GBDCBF9ZF55IPJKNM4,( Marriott St. Louis West),3H7Z272LX77P0Y5YHKQE81Q9373LPK,30.0,0
37ZQELHEQ0Y7GBDCBF9ZF55IPJKNM4,( Marriott St. Louis West),31HQ4X3T3SAMDQLQ91U836VKQRSSLP,64.0,1
37ZQELHEQ0Y7GBDCBF9ZF55IPJKNM4,( Marriott St. Louis West),388U7OUMF71XFFWR5J8KFCY01S10R5,44.0,1
37ZQELHEQ0Y7GBDCBF9ZF55IPJKNM4,( Marriott St. Louis West),3VP0C6EFSGW1WA5E20SK2EEH89T6MV,120.0,1
37ZQELHEQ0Y7GBDCBF9ZF55IPJKNM4,( Marriott St. Louis West),3WQ3B2KGE8GA6X0K55QUT2C6OZBB1F,651.0,0
37ZQELHEQ0Y7GBDCBF9ZF55IPJKNM4,( Marriott St. Louis West),3GFK2QRXX9H1IIZE1JO2J628AGZ5W8,101.0,0
3JUDR1D0D6R2C4MBHPIW4QMPOPR2QG,( River City),354P56DE9K3NY5WO57TYK1DJV7WS7P,821.0,0
3JUDR1D0D6R2C4MBHPIW4QMPOPR2QG,( River City),3RGU30DZTA8DK5KLMJM9BIJMUDGJMD,151.0,0
3JUDR1D0D6R2C4MBHPIW4QMPOPR2QG,( River City),3OXV7EAXLEQ0AOX4WIN56F5B8GG63F,103.0,0
3JUDR1D0D6R2C4MBHPIW4QMPOPR2QG,( River City),3VP0C6EFSGW1WA5E20SK2EEH870M6E,33.0,0
3JUDR1D0D6R2C4MBHPIW4QMPOPR2QG,( River City),3Z4XG4ZF48RZU0N69MRRX9Q6L6E8XA,83.0,0
3JUDR1D0D6R2C4MBHPIW4QMPOPR2QG,( River City),3S06PH7KSR43LUY4J1H0OS06RI8D15,69.0,0
3JUDR1D0D6R2C4MBHPIW4QMPOPR2QG,( River City),3YHH42UU5BFMCH1E0ZBOT0P1VZ8L0U,21.0,1
3JUDR1D0D6R2C4MBHPIW4QMPOPR2QG,( River City),37M28K1J0QDCI4BWPGW42ROM0WGAJ9,396.0,0
3JUDR1D0D6R2C4MBHPIW4QMPOPR2QG,( River City),3E4GGUZ1T8RIOLMAUM31XO513XP2KU,93.0,0
3NZ1E5QA6Z177V39GQN478U2MZH5B8,( Holiday Inn Express St. Louis Airport - Riverport),382M9COHEHFOMX32HK245CNO2RNUEV,60.0,0
3NZ1E5QA6Z177V39GQN478U2MZH5B8,( Holiday Inn Express St. Louis Airport - Riverport),3IAS3U3I0FGHVIIGO9Q8YLMBG3Z2BT,40.0,0
3NZ1E5QA6Z177V39GQN478U2MZH5B8,( Holiday Inn Express St. Louis Airport - Riverport),3WS1NTTKEYC0CPRIEO8QYNKHY3HF0E,136.0,0
3NZ1E5QA6Z177V39GQN478U2MZH5B8,( Holiday Inn Express St. Louis Airport - Riverport),3LEP4MGT3G04YSGWLYAPU4DFDUZDBO,236.0,1
3NZ1E5QA6Z177V39GQN478U2MZH5B8,( Holiday Inn Express St. Louis Airport - Riverport),39GAF6DQWR0PFBYQAMHUUE6DRPD1VT,43.0,1
3NZ1E5QA6Z177V39GQN478U2MZH5B8,( Holiday Inn Express St. Louis Airport - Riverport),33SA9F9TRXU1E1S7CKH5N08LN7JEWZ,466.0,0
3NZ1E5QA6Z177V39GQN478U2MZH5B8,( Holiday Inn Express St. Louis Airport - Riverport),3N1FSUEFL50KDTVN6J02MQ7932MD4M,170.0,0
3NZ1E5QA6Z177V39GQN478U2MZH5B8,( Holiday Inn Express St. Louis Airport - Riverport),3907X2AHF05JZCJQ7E89T5R0X7U2PU,102.0,1
3NZ1E5QA6Z177V39GQN478U2MZH5B8,( Holiday Inn Express St. Louis Airport - Riverport),3Q5ZZ9ZEVOFQSH3W3G8W5QZMS7M85I,82.0,1
3SCKNODZ0XGOV86P797AWN8SUUQ7NE,( Pear Tree Inn St. Louis Airport),3PH3VY7DJLXZPWJ387VI8A93BD7WZ2,190.0,0
3SCKNODZ0XGOV86P797AWN8SUUQ7NE,( Pear Tree Inn St. Louis Airport),3X31TUMD7XMMJ6MWWIFO758B0RX1LW,53.0,0
3SCKNODZ0XGOV86P797AWN8SUUQ7NE,( Pear Tree Inn St. Louis Airport),340UGXU9DY15O8POCARE5GBA2MYUV9,26.0,0
3SCKNODZ0XGOV86P797AWN8SUUQ7NE,( Pear Tree Inn St. Louis Airport),3VELCLL3GKJ0JEC0A7CQCS3R3VN1F3,711.0,1
3SCKNODZ0XGOV86P797AWN8SUUQ7NE,( Pear Tree Inn St. Louis Airport),3PZDLQMM0TL05NAM29M395STYOM2CN,40.0,1
3SCKNODZ0XGOV86P797AWN8SUUQ7NE,( Pear Tree Inn St. Louis Airport),3S96KQ6I9M44UEADLK1AUYJ1J2NTDK,60.0,0
3SCKNODZ0XGOV86P797AWN8SUUQ7NE,( Pear Tree Inn St. Louis Airport),3W92K5RLWUHO3TZ9B9J6X4JU366V5V,478.0,1
3SCKNODZ0XGOV86P797AWN8SUUQ7NE,( Pear Tree Inn St. Louis Airport),37Q970SNZE89NJHMGRCPJRM6SMO1SV,183.0,0
3SCKNODZ0XGOV86P797AWN8SUUQ7NE,( Pear Tree Inn St. Louis Airport),3VNL7UK1XFJ1SYO9CQW0IYMMVFMFT0,37.0,1
37Y5RYYI0P5FQ04LXISUPGVMJMCSX5,( Courtyard By Marriott St Louis Downtown Convention Center),3KV0LJBBH2LUIT3YUOVID95D4U8MR6,930.0,0
37Y5RYYI0P5FQ04LXISUPGVMJMCSX5,( Courtyard By Marriott St Louis Downtown Convention Center),3URFVVM165IMXSUYD7GHQMO6QXYZU8,37.0,0
37Y5RYYI0P5FQ04LXISUPGVMJMCSX5,( Courtyard By Marriott St Louis Downtown Convention Center),3LRKMWOKB5HDDGLWUN6BK3TE7602ZE,100.0,1
37Y5RYYI0P5FQ04LXISUPGVMJMCSX5,( Courtyard By Marriott St Louis Downtown Convention Center),36V4Q8R5ZK0U6SOYH96I8JV888WQMZ,30.0,1
37Y5RYYI0P5FQ04LXISUPGVMJMCSX5,( Courtyard By Marriott St Louis Downtown Convention Center),32M8BPYGATMHXK4TTY3EMCKPLC6GIH,40.0,0
37Y5RYYI0P5FQ04LXISUPGVMJMCSX5,( Courtyard By Marriott St Louis Downtown Convention Center),3G0WWMR1UVK0OA9YTALILYK8DZ1QNW,169.0,0
37Y5RYYI0P5FQ04LXISUPGVMJMCSX5,( Courtyard By Marriott St Louis Downtown Convention Center),34MAJL3QP4NMV1TQDUUQ9HLXCQX43H,213.0,0
37Y5RYYI0P5FQ04LXISUPGVMJMCSX5,( Courtyard By Marriott St Louis Downtown Convention Center),3X08E93BHVIZ77KMFKL3DIHVI8766C,170.0,1
37Y5RYYI0P5FQ04LXISUPGVMJMCSX5,( Courtyard By Marriott St Louis Downtown Convention Center),3RSDURM96AM536N7RLZT8XT1YGPYEQ,31.0,1
3XU9MCX6VOC2O51BU47W9GWUKBT2RH,( The Cheshire),3WI0P0II61SREZXLHVWFUJIJVGHRDU,71.0,1
3XU9MCX6VOC2O51BU47W9GWUKBT2RH,( The Cheshire),3B1NLC6UGZW9E6RX6TTYV9L17Q9PGA,88.0,1
3XU9MCX6VOC2O51BU47W9GWUKBT2RH,( The Cheshire),30H4UDGLT2I96GNJHWRT8E5Y3CKMPE,758.0,0
3XU9MCX6VOC2O51BU47W9GWUKBT2RH,( The Cheshire),3LPW2N6LKT2OQEA96J911IHBPYQU5W,61.0,1
3XU9MCX6VOC2O51BU47W9GWUKBT2RH,( The Cheshire),3X0H8UUIT1O2OKXPDF1ACHC0OY9WSZ,149.0,1
3XU9MCX6VOC2O51BU47W9GWUKBT2RH,( The Cheshire),3JBT3HLQF8295NM2WLHNGG17IGAPZ6,118.0,0
3XU9MCX6VOC2O51BU47W9GWUKBT2RH,( The Cheshire),39O5D9O87TSPQ5656908SFXL4243CH,326.0,1
3XU9MCX6VOC2O51BU47W9GWUKBT2RH,( The Cheshire),3XC1O3LBOSMNSQY5Y1ZYDBR6SA6TLF,74.0,1
3XU9MCX6VOC2O51BU47W9GWUKBT2RH,( The Cheshire),3LWJHTCVCCMO0IWHVM25DTBZB7QFQN,68.0,1
3UOMW19E6D6QH0VFUQJZIS0K4KH5CF,( Days Inn Downtown St Louis),37WLF8U1WPQ66M5BHOF4N1MDJ2ZK61,236.0,0
3UOMW19E6D6QH0VFUQJZIS0K4KH5CF,( Days Inn Downtown St Louis),30H4UDGLT2I96GNJHWRT8E5Y3COPML,33.0,0
3UOMW19E6D6QH0VFUQJZIS0K4KH5CF,( Days Inn Downtown St Louis),32ZKVD547FN6G0EZS94DHVR3MHTB37,43.0,0
3UOMW19E6D6QH0VFUQJZIS0K4KH5CF,( Days Inn Downtown St Louis),3TAYZSBPLL8GC4ZIZVC3OAWBKRKS2J,16.0,0
3UOMW19E6D6QH0VFUQJZIS0K4KH5CF,( Days Inn Downtown St Louis),3QL2OFSM96IWU9ZFOSKN1TVR9JZCNA,451.0,1
3UOMW19E6D6QH0VFUQJZIS0K4KH5CF,( Days Inn Downtown St Louis),31LVTDXBL7AACBLDUCU3DWQO4P4LRP,122.0,0
3UOMW19E6D6QH0VFUQJZIS0K4KH5CF,( Days Inn Downtown St Louis),39U1BHVTDLR6CM8GSVVYHPXPSODT3Z,265.0,0
3UOMW19E6D6QH0VFUQJZIS0K4KH5CF,( Days Inn Downtown St Louis),3X0H8UUIT1O2OKXPDF1ACHC0OYVSWH,204.0,1
3UOMW19E6D6QH0VFUQJZIS0K4KH5CF,( Days Inn Downtown St Louis),3DIP6YHAPCSQO0WPEH1Z9K5Z50LE8P,32.0,0
3PGQRAZX02K4Q5UV2EEW8U2VLS6SYB,( Courtyard St Louis Airport - Earth City),3DH6GAKTYYP3E1E3N8D6T7UJMK2YZW,270.0,0
3PGQRAZX02K4Q5UV2EEW8U2VLS6SYB,( Courtyard St Louis Airport - Earth City),3JWH6J9I9SDDK479ASOSQ9P9RYVBNY,64.0,0
3PGQRAZX02K4Q5UV2EEW8U2VLS6SYB,( Courtyard St Louis Airport - Earth City),3ERET4BTVM9TO579FVIG7BDF93W9KQ,129.0,0
3PGQRAZX02K4Q5UV2EEW8U2VLS6SYB,( Courtyard St Louis Airport - Earth City),3PM8NZGV8YG504N2VG8RJ0B6FCGQXJ,25.0,1
3PGQRAZX02K4Q5UV2EEW8U2VLS6SYB,( Courtyard St Louis Airport - Earth City),3K9FOBBF2HJPXDTL15DM4CLE3TXLNL,310.0,1
3PGQRAZX02K4Q5UV2EEW8U2VLS6SYB,( Courtyard St Louis Airport - Earth City),3WQQ9FUS6AUSHXK54QZ98CZE24LB81,213.0,1
3PGQRAZX02K4Q5UV2EEW8U2VLS6SYB,( Courtyard St Louis Airport - Earth City),32SCWG5HIH47HD2RUGKCJI8CDDSP6W,61.0,1
3PGQRAZX02K4Q5UV2EEW8U2VLS6SYB,( Courtyard St Louis Airport - Earth City),3P1L2B7AD1P7FYTX2KDZJ1LJT3MOLN,301.0,1
3PGQRAZX02K4Q5UV2EEW8U2VLS6SYB,( Courtyard St Louis Airport - Earth City),3VBEN272MKZ6RY7PYAXSQEQCUB4GS7,109.0,1
3K3G488TR28UB15YZ8KU2XP18ZHQ54,( Days Inn St Louis Westport MO),3NL0RFNU0FNSRZ1XY0MPQ32ZNAQK4B,393.0,0
3K3G488TR28UB15YZ8KU2XP18ZHQ54,( Days Inn St Louis Westport MO),3L4D84MILZSRSRJAVM6WJDBQDREHJZ,505.0,0
3K3G488TR28UB15YZ8KU2XP18ZHQ54,( Days Inn St Louis Westport MO),39L1G8WVWQR532W7QCBOBJEU05Y13A,194.0,0
3K3G488TR28UB15YZ8KU2XP18ZHQ54,( Days Inn St Louis Westport MO),3RJSC4XJ10U8ASYT8CVHCBT499N505,35.0,0
3K3G488TR28UB15YZ8KU2XP18ZHQ54,( Days Inn St Louis Westport MO),3I0BTBYZAXL6CG8DJE0EN8RX4ETY0G,72.0,0
3K3G488TR28UB15YZ8KU2XP18ZHQ54,( Days Inn St Louis Westport MO),37ZHEEHM6WMJEOB9FSSXCT573R837J,34.0,0
3K3G488TR28UB15YZ8KU2XP18ZHQ54,( Days Inn St Louis Westport MO),3ND9UOO81K2FK72ZT6490VY5W48LWH,48.0,0
3K3G488TR28UB15YZ8KU2XP18ZHQ54,( Days Inn St Louis Westport MO),3NGI5ARFTT5CAR1UOA8VOMHV5161P2,214.0,0
3K3G488TR28UB15YZ8KU2XP18ZHQ54,( Days Inn St Louis Westport MO),3KGTPGBS6XLWRHRMO0733BEZ5OMU2I,166.0,1
3J94SKDEKIP0MS1TUMEA2YI2PKT5DF,( Fleur-De-Lys Mansion),3PXX5PX6LXY60LDK1OJN4359SRIABZ,31.0,1
3J94SKDEKIP0MS1TUMEA2YI2PKT5DF,( Fleur-De-Lys Mansion),3U0SRXB7CD500BOY6PAIQOUD9KKRND,508.0,1
3J94SKDEKIP0MS1TUMEA2YI2PKT5DF,( Fleur-De-Lys Mansion),3OXV7EAXLEQ0AOX4WIN56F5B8GH63G,197.0,1
3J94SKDEKIP0MS1TUMEA2YI2PKT5DF,( Fleur-De-Lys Mansion),3Y9N9SS8LYBZVXCJ65VJCLF3P24D3F,75.0,0
3J94SKDEKIP0MS1TUMEA2YI2PKT5DF,( Fleur-De-Lys Mansion),354P56DE9K3NY5WO57TYK1DJV727SA,73.0,0
3J94SKDEKIP0MS1TUMEA2YI2PKT5DF,( Fleur-De-Lys Mansion),31Z0PCVWUKFOD593U7YOU695XQ0T75,229.0,1
3J94SKDEKIP0MS1TUMEA2YI2PKT5DF,( Fleur-De-Lys Mansion),3IQ1VMJRYTKNCSYN345RDXAJ4RAA9K,533.0,1
3J94SKDEKIP0MS1TUMEA2YI2PKT5DF,( Fleur-De-Lys Mansion),3WYGZ5XF3WFBTK38O1I7O6I51S3KSW,19.0,1
3J94SKDEKIP0MS1TUMEA2YI2PKT5DF,( Fleur-De-Lys Mansion),3F6HPJW4JD09JLGRJ0M4LZZWQ5VW2J,344.0,1
3E22YV8GG16D1EAP3V1RW9ZDUOVNP0,( Americas Best Value Inn-St. Louis Downtown),38BQUHLA9W0RLGBI2WEEJE08T7OMOX,101.0,0
3E22YV8GG16D1EAP3V1RW9ZDUOVNP0,( Americas Best Value Inn-St. Louis Downtown),3R5F3LQFV2KRKNA1HL48RGWH8BCOZM,162.0,1
3E22YV8GG16D1EAP3V1RW9ZDUOVNP0,( Americas Best Value Inn-St. Louis Downtown),31LVTDXBL7AACBLDUCU3DWQO4PRRLI,60.0,0
3E22YV8GG16D1EAP3V1RW9ZDUOVNP0,( Americas Best Value Inn-St. Louis Downtown),3KV0LJBBH2LUIT3YUOVID95D4UJRMM,56.0,0
3E22YV8GG16D1EAP3V1RW9ZDUOVNP0,( Americas Best Value Inn-St. Louis Downtown),3KKG4CDWKIY8A3I6U3V00UOJCHT49I,24.0,0
3E22YV8GG16D1EAP3V1RW9ZDUOVNP0,( Americas Best Value Inn-St. Louis Downtown),3GD6L00D3SX6PO4HWUG37IN00WVM1R,131.0,0
3E22YV8GG16D1EAP3V1RW9ZDUOVNP0,( Americas Best Value Inn-St. Louis Downtown),3EA3QWIZ4IVL2PQZDY2LLVZEB6BTI0,24.0,1
3E22YV8GG16D1EAP3V1RW9ZDUOVNP0,( Americas Best Value Inn-St. Louis Downtown),3OLF68YTN91WD2P06Q5JNTWU7P1FAD,53.0,0
3E22YV8GG16D1EAP3V1RW9ZDUOVNP0,( Americas Best Value Inn-St. Louis Downtown),3AZHRG4CU4K5WDBPUT7OXEVKVE203I,30.0,0
3ZFRE2BDQ9ECRCQZSAM2L9SP61CXZF,( Holiday Inn St. Louis - Forest Park),3N2BF7Y2VQUHTZPVYJJOZ537HLAMH9,77.0,0
3ZFRE2BDQ9ECRCQZSAM2L9SP61CXZF,( Holiday Inn St. Louis - Forest Park),3RYC5T2D73T03W0BM4NAUDZ89ZJRP7,502.0,1
3ZFRE2BDQ9ECRCQZSAM2L9SP61CXZF,( Holiday Inn St. Louis - Forest Park),33JKGHPFYCU93VB61HE14P033XLMNK,304.0,1
3ZFRE2BDQ9ECRCQZSAM2L9SP61CXZF,( Holiday Inn St. Louis - Forest Park),32UTUBMZ7GWQS9GICJAJ0QJMD1RVBT,29.0,0
3ZFRE2BDQ9ECRCQZSAM2L9SP61CXZF,( Holiday Inn St. Louis - Forest Park),3LOTDFNYA7ZTKFS37V1B5ITLZ8NWFO,70.0,1
3ZFRE2BDQ9ECRCQZSAM2L9SP61CXZF,( Holiday Inn St. Louis - Forest Park),3X4MXAO0BGOQN5XCYQ15M7742W4RWK,109.0,1
3ZFRE2BDQ9ECRCQZSAM2L9SP61CXZF,( Holiday Inn St. Louis - Forest Park),3SKEMFQBZ35TA0OZA3C27FI4PX7K85,28.0,0
3ZFRE2BDQ9ECRCQZSAM2L9SP61CXZF,( Holiday Inn St. Louis - Forest Park),3KGTPGBS6XLWRHRMO0733BEZ5OF2UJ,318.0,1
3ZFRE2BDQ9ECRCQZSAM2L9SP61CXZF,( Holiday Inn St. Louis - Forest Park),3TPWUS5F891MH38TGTBAXC8I2V4CW2,114.0,1
3KG2UQJ0MJOY1QB438GGWEPNZKHNQR,( Ignacio),3I33IC7ZWF2CC8DOIVQC3A25YL3A2V,478.0,0
3KG2UQJ0MJOY1QB438GGWEPNZKHNQR,( Ignacio),3GD6L00D3SX6PO4HWUG37IN00WJ1MU,333.0,1
3KG2UQJ0MJOY1QB438GGWEPNZKHNQR,( Ignacio),3OONKJ5DKCJV2P7LB7O55YPEH8POBF,76.0,1
3KG2UQJ0MJOY1QB438GGWEPNZKHNQR,( Ignacio),3OSWBBLG1EXBBVJXQU27J147WXADXK,225.0,1
3KG2UQJ0MJOY1QB438GGWEPNZKHNQR,( Ignacio),3FDJT1UU748ANI5XC55ZVV8DN7Z5KH,29.0,0
3KG2UQJ0MJOY1QB438GGWEPNZKHNQR,( Ignacio),3X4JMASXCM9AZ8F29MMUFXTWJ5X0BP,152.0,1
3KG2UQJ0MJOY1QB438GGWEPNZKHNQR,( Ignacio),3UNH76FOCS53FUFK8JNCL5YA7HFYMC,87.0,1
3KG2UQJ0MJOY1QB438GGWEPNZKHNQR,( Ignacio),3WR9XG3T63B4WKUDF6XGMYXDHRO47P,223.0,1
3KG2UQJ0MJOY1QB438GGWEPNZKHNQR,( Ignacio),3R6BYFZZP7C89FXTH0XX717S8B0FX9,54.0,1
371Q3BEXDH94VV40Y0GFM1BXRMASZ2,( Hampton Inn St Louis-Airport),3FIJLY1B6U4306V2V9NGDOLP6BAFP2,357.0,0
371Q3BEXDH94VV40Y0GFM1BXRMASZ2,( Hampton Inn St Louis-Airport),39ZSFO5CA8WWXDPUVLDV2S0G7ZLJU7,37.0,0
371Q3BEXDH94VV40Y0GFM1BXRMASZ2,( Hampton Inn St Louis-Airport),3ZPBJO59KP1EP5JILQKLGFGD87RHDV,43.0,0
371Q3BEXDH94VV40Y0GFM1BXRMASZ2,( Hampton Inn St Louis-Airport),3FE2ERCCZX8X6J8VUC660IU3YC9PO6,236.0,0
371Q3BEXDH94VV40Y0GFM1BXRMASZ2,( Hampton Inn St Louis-Airport),3XUHV3NRVKYJLS4P6K22I3SLVQ6H50,41.0,0
371Q3BEXDH94VV40Y0GFM1BXRMASZ2,( Hampton Inn St Louis-Airport),3RKNTXVS3MYMFMSBM990WPZ3IZPA4H,313.0,1
371Q3BEXDH94VV40Y0GFM1BXRMASZ2,( Hampton Inn St Louis-Airport),32KTQ2V7RDFOET7C07VWMO5JY8V9MZ,27.0,0
371Q3BEXDH94VV40Y0GFM1BXRMASZ2,( Hampton Inn St Louis-Airport),3P59JYT76LKHR4CXOVHTYFSXMAM2T6,153.0,1
371Q3BEXDH94VV40Y0GFM1BXRMASZ2,( Hampton Inn St Louis-Airport),317HQ483I7SN7CLFG2G9CWTMMP5IN6,97.0,0
3PA41K45VN4OYTI2NOK20CDNU9R7PA,( Sonesta ES Suites St. Louis),39OWYR0EPKRX9KN3MWJZQFE1AF8YF8,1018.0,0
3PA41K45VN4OYTI2NOK20CDNU9R7PA,( Sonesta ES Suites St. Louis),3WLEIWSYHOHRMVL2O104KWP9BGVH2F,148.0,0
3PA41K45VN4OYTI2NOK20CDNU9R7PA,( Sonesta ES Suites St. Louis),3E337GFOL989BLFKQEG6RKG67BANGE,192.0,1
3PA41K45VN4OYTI2NOK20CDNU9R7PA,( Sonesta ES Suites St. Louis),34X6J5FLPTY45KIDECTQSR3R4EIQJC,58.0,0
3PA41K45VN4OYTI2NOK20CDNU9R7PA,( Sonesta ES Suites St. Louis),32UTUBMZ7GWQS9GICJAJ0QJMD1OVBQ,312.0,1
3PA41K45VN4OYTI2NOK20CDNU9R7PA,( Sonesta ES Suites St. Louis),35LDD5557A48VPQ344MLCXJZ92OKML,21.0,0
3PA41K45VN4OYTI2NOK20CDNU9R7PA,( Sonesta ES Suites St. Louis),3DR23U6WE5E9MKODHFCU0G1MJDRETZ,89.0,0
3PA41K45VN4OYTI2NOK20CDNU9R7PA,( Sonesta ES Suites St. Louis),3WRFBPLXRAO8H93WVZ9M8QRX36SN3T,227.0,1
3PA41K45VN4OYTI2NOK20CDNU9R7PA,( Sonesta ES Suites St. Louis),3MRNMEIQW56GB128CBZJ879KPOJDLH,44.0,0
3MGHRFQY2LP4PWAJTCVCYOWCQ0NY0U,( Residence Inn St Louis Galleria),37TD41K0AH9TAMRKWO190N5XWIPCS4,329.0,0
3MGHRFQY2LP4PWAJTCVCYOWCQ0NY0U,( Residence Inn St Louis Galleria),3TMSXRD2X602U0YV0WMQGGPRYYVW1E,33.0,1
3MGHRFQY2LP4PWAJTCVCYOWCQ0NY0U,( Residence Inn St Louis Galleria),3TE3O8573084BPZ5K6CYY0RFYPUR2N,80.0,1
3MGHRFQY2LP4PWAJTCVCYOWCQ0NY0U,( Residence Inn St Louis Galleria),3LPW2N6LKT2OQEA96J911IHBPYR5U8,86.0,1
3MGHRFQY2LP4PWAJTCVCYOWCQ0NY0U,( Residence Inn St Louis Galleria),34BBWHLWHABDU6UT837W8F6DF0AIWW,131.0,1
3MGHRFQY2LP4PWAJTCVCYOWCQ0NY0U,( Residence Inn St Louis Galleria),358UUM7WRZ3BXQWBQITTUR8N95NR7A,30.0,0
3MGHRFQY2LP4PWAJTCVCYOWCQ0NY0U,( Residence Inn St Louis Galleria),38JBBYETQOAP5Z9N2EBMS8PU3ECE45,674.0,1
3MGHRFQY2LP4PWAJTCVCYOWCQ0NY0U,( Residence Inn St Louis Galleria),3ZPPDN2SLVWQ25FZJ97D9G0AP6WE97,243.0,1
3MGHRFQY2LP4PWAJTCVCYOWCQ0NY0U,( Residence Inn St Louis Galleria),3SUWZRL0MYD3KMD1L241P698Z5T6ET,98.0,1
3YGYP136419YDRQ4GN5G14ZSV6JNRS,( Sheraton Westport Chalet Saint Louis),3FDJT1UU748ANI5XC55ZVV8DN7OK5L,171.0,0
3YGYP136419YDRQ4GN5G14ZSV6JNRS,( Sheraton Westport Chalet Saint Louis),30MVJZJNHMDYDL1RXAI46WD2UEC9J7,302.0,0
3YGYP136419YDRQ4GN5G14ZSV6JNRS,( Sheraton Westport Chalet Saint Louis),3DUZQ9U6SMOP9VXKN5WEQFTMHP7SVL,621.0,0
3YGYP136419YDRQ4GN5G14ZSV6JNRS,( Sheraton Westport Chalet Saint Louis),3OF2M9AATGO8UWPMJTCFKZF8O62ZKD,351.0,0
3YGYP136419YDRQ4GN5G14ZSV6JNRS,( Sheraton Westport Chalet Saint Louis),3TEM0PF1Q5X3E5DMNID0ANHWMQQ0DD,29.0,0
3YGYP136419YDRQ4GN5G14ZSV6JNRS,( Sheraton Westport Chalet Saint Louis),36TFCYNS44ASNBOZCQLXAMJ5OPCXHM,21.0,0
3YGYP136419YDRQ4GN5G14ZSV6JNRS,( Sheraton Westport Chalet Saint Louis),3UWN2HHPUY5C1QOBLEANGYZ9VMMSNL,170.0,0
3YGYP136419YDRQ4GN5G14ZSV6JNRS,( Sheraton Westport Chalet Saint Louis),3DUZQ9U6SMOP9VXKN5WEQFTMHPTSV7,23.0,1
3YGYP136419YDRQ4GN5G14ZSV6JNRS,( Sheraton Westport Chalet Saint Louis),38YMOXR4MUZX1MZS62Y7BCG86916WC,25.0,0
38F60IALAGH88ABPJ68DQ74XBY5T00,( Holiday Inn St Louis-South County Center),3LEP4MGT3G04YSGWLYAPU4DFDTBBDW,1108.0,0
38F60IALAGH88ABPJ68DQ74XBY5T00,( Holiday Inn St Louis-South County Center),33FBRBDW6OZBR2CBIQV4JW5WKOKC86,43.0,0
38F60IALAGH88ABPJ68DQ74XBY5T00,( Holiday Inn St Louis-South County Center),3RYC5T2D73T03W0BM4NAUDZ89ZOPRA,82.0,0
38F60IALAGH88ABPJ68DQ74XBY5T00,( Holiday Inn St Louis-South County Center),39GXDJN2OTE7QBIB97Q99OTL5V4V8S,66.0,0
38F60IALAGH88ABPJ68DQ74XBY5T00,( Holiday Inn St Louis-South County Center),3FQ5JJ512LOED7B3G51LPC8ZESYNKO,34.0,0
38F60IALAGH88ABPJ68DQ74XBY5T00,( Holiday Inn St Louis-South County Center),3PB5A5BD0V6K80NXA7ZHVNUG7WEG75,85.0,0
38F60IALAGH88ABPJ68DQ74XBY5T00,( Holiday Inn St Louis-South County Center),3DOCMVPBTNEFLDW6DIT1H4P38NJNN9,26.0,1
38F60IALAGH88ABPJ68DQ74XBY5T00,( Holiday Inn St Louis-South County Center),3HWRJOOET5287KBYSF74QB50HURSE2,54.0,1
38F60IALAGH88ABPJ68DQ74XBY5T00,( Holiday Inn St Louis-South County Center),3ZPPDN2SLVWQ25FZJ97D9G0AP7L9ET,57.0,0
3MNJFORX8B4XKCFPLS90QYLN1X95FQ,( Holiday Inn St Louis SW - Route66),392CY0QWG1R1L4B9YX1DDNNMV624IL,744.0,0
3MNJFORX8B4XKCFPLS90QYLN1X95FQ,( Holiday Inn St Louis SW - Route66),3F1567XTNW5FZ854S02D3XPO892Q9D,63.0,0
3MNJFORX8B4XKCFPLS90QYLN1X95FQ,( Holiday Inn St Louis SW - Route66),31N2WW6R9RQWTHQFXBQ90LIO1FQ3FM,45.0,0
3MNJFORX8B4XKCFPLS90QYLN1X95FQ,( Holiday Inn St Louis SW - Route66),32Q90QCQ1SLAJ1YQN6Y2ZPEQ00ZEKS,64.0,0
3MNJFORX8B4XKCFPLS90QYLN1X95FQ,( Holiday Inn St Louis SW - Route66),39L1G8WVWQR532W7QCBOBJEU05N13Z,254.0,0
3MNJFORX8B4XKCFPLS90QYLN1X95FQ,( Holiday Inn St Louis SW - Route66),351SEKWQS0H0HJKTCN0Y8KO9PT7DMH,261.0,0
3MNJFORX8B4XKCFPLS90QYLN1X95FQ,( Holiday Inn St Louis SW - Route66),324G5B4FB38NXWCCW5AEAV700FB70F,270.0,0
3MNJFORX8B4XKCFPLS90QYLN1X95FQ,( Holiday Inn St Louis SW - Route66),3TY7ZAOG5FKBSBJWFZZNE0CM60HK06,121.0,0
3MNJFORX8B4XKCFPLS90QYLN1X95FQ,( Holiday Inn St Louis SW - Route66),37M28K1J0QDCI4BWPGW42ROM0XDJAH,364.0,1
3OWZNK3RYLPU4XTSYY21ERJERAX2UL,( Hampton Inn Saint Louis - Sunset Hills),3LPW2N6LKT2OQEA96J911IHBPYMU5S,520.0,0
3OWZNK3RYLPU4XTSYY21ERJERAX2UL,( Hampton Inn Saint Louis - Sunset Hills),3ZAZR5XV01IQBYDYRGVHWG20JXWZC3,33.0,1
3OWZNK3RYLPU4XTSYY21ERJERAX2UL,( Hampton Inn Saint Louis - Sunset Hills),3B3WTRP3DB2Y7P3JQPCC7FRLS3X29K,121.0,0
3OWZNK3RYLPU4XTSYY21ERJERAX2UL,( Hampton Inn Saint Louis - Sunset Hills),3DPNQGW4LLFLSKG8WWSOGKXHMGS64G,24.0,0
3OWZNK3RYLPU4XTSYY21ERJERAX2UL,( Hampton Inn Saint Louis - Sunset Hills),3VW6495TLJ039B4YRMBNF0LHGRQYYZ,324.0,0
3OWZNK3RYLPU4XTSYY21ERJERAX2UL,( Hampton Inn Saint Louis - Sunset Hills),3DEL4X4EL6LE96EOMQPLWME8ELZYXW,194.0,1
3OWZNK3RYLPU4XTSYY21ERJERAX2UL,( Hampton Inn Saint Louis - Sunset Hills),3QBD8R3Z21JBHQMCWSEIXKJ87GW4OD,80.0,0
3OWZNK3RYLPU4XTSYY21ERJERAX2UL,( Hampton Inn Saint Louis - Sunset Hills),3FFJ6VRIL1OKMGT8FWEB1KX9EWPI0Q,213.0,0
3OWZNK3RYLPU4XTSYY21ERJERAX2UL,( Hampton Inn Saint Louis - Sunset Hills),336YQZE83VE5D650XHIFA80HCDR5ML,84.0,0
3VLL1PIENQOPX3C7RJZ62W1WUX7ZOC,( Drury Inn Saint Louis Airport),3TGOYF991XM5BT0O7KH99U9ROECUU5,603.0,0
3VLL1PIENQOPX3C7RJZ62W1WUX7ZOC,( Drury Inn Saint Louis Airport),3Q5ZZ9ZEVOFQSH3W3G8W5QZMS7W58P,87.0,0
3VLL1PIENQOPX3C7RJZ62W1WUX7ZOC,( Drury Inn Saint Louis Airport),35GCEFQ6I5O2YYHFYNKG3DY6DKH3Z7,41.0,0
3VLL1PIENQOPX3C7RJZ62W1WUX7ZOC,( Drury Inn Saint Louis Airport),3NGMS9VZTLIR9T68H6RB1U7L45TFF5,87.0,0
3VLL1PIENQOPX3C7RJZ62W1WUX7ZOC,( Drury Inn Saint Louis Airport),3TMFV4NEP8EK50IGZHV5VQCZC48W85,38.0,0
3VLL1PIENQOPX3C7RJZ62W1WUX7ZOC,( Drury Inn Saint Louis Airport),3SB4CE2TJVVDDOGL6KB5T0W1BUQAXS,79.0,0
3VLL1PIENQOPX3C7RJZ62W1WUX7ZOC,( Drury Inn Saint Louis Airport),35K3O9HUABDZ3F6CMV75JCMLS4WFE5,107.0,1
3VLL1PIENQOPX3C7RJZ62W1WUX7ZOC,( Drury Inn Saint Louis Airport),3ATPCQ38J8A2DT6VBGX7CE3AD0VYAX,111.0,0
3VLL1PIENQOPX3C7RJZ62W1WUX7ZOC,( Drury Inn Saint Louis Airport),32VNZTT0A74EE3ESOKVMRFODI4PR4K,46.0,0
3XABXM4AJ15DYJO0X6RXEHZSAPIQ86,( Drury Inn & Suites Near Forest Park),3GU1KF0O4I1DNPJMQ71KUYU4RDIPBU,681.0,0
3XABXM4AJ15DYJO0X6RXEHZSAPIQ86,( Drury Inn & Suites Near Forest Park),3A9AA95ATWMBY92DPXA7RCUCHH15PE,49.0,0
3XABXM4AJ15DYJO0X6RXEHZSAPIQ86,( Drury Inn & Suites Near Forest Park),3JJVG1YBEBX9UF136SS6WSPN0DPB52,24.0,0
3XABXM4AJ15DYJO0X6RXEHZSAPIQ86,( Drury Inn & Suites Near Forest Park),36W0OB37HWEHS6OED89I77ZGWPDZHO,92.0,0
3XABXM4AJ15DYJO0X6RXEHZSAPIQ86,( Drury Inn & Suites Near Forest Park),34S6N1K2ZVJXNH7AY7I9ZSOIHG8LHU,294.0,1
3XABXM4AJ15DYJO0X6RXEHZSAPIQ86,( Drury Inn & Suites Near Forest Park),3L6L49WXW0XP9GGURDIJOEJHQLN454,413.0,1
3XABXM4AJ15DYJO0X6RXEHZSAPIQ86,( Drury Inn & Suites Near Forest Park),3TEM0PF1Q5X3E5DMNID0ANHWMQ70DU,27.0,1
3XABXM4AJ15DYJO0X6RXEHZSAPIQ86,( Drury Inn & Suites Near Forest Park),3LRKMWOKB5HDDGLWUN6BK3TE762Z2D,50.0,0
3XABXM4AJ15DYJO0X6RXEHZSAPIQ86,( Drury Inn & Suites Near Forest Park),3ATPCQ38J8A2DT6VBGX7CE3AD12AYI,192.0,1
35YHTYFL1G3EI6U4RJRDUWFMELAVFM,( Days Inn Saint Louis - Lindbergh Boulevard),3K4J6M3CXET2R2LVHAB15EW6849GAL,952.0,0
35YHTYFL1G3EI6U4RJRDUWFMELAVFM,( Days Inn Saint Louis - Lindbergh Boulevard),3PS7W85Z8Z2SROXW94W8820BSG89TH,16.0,0
35YHTYFL1G3EI6U4RJRDUWFMELAVFM,( Days Inn Saint Louis - Lindbergh Boulevard),3VZLGYJEYLAEEWOTICR4ATNAKFKZX5,433.0,0
35YHTYFL1G3EI6U4RJRDUWFMELAVFM,( Days Inn Saint Louis - Lindbergh Boulevard),3IX2EGZR7BJ4HLXDRRIQXHDW00NJR9,456.0,1
35YHTYFL1G3EI6U4RJRDUWFMELAVFM,( Days Inn Saint Louis - Lindbergh Boulevard),30BXRYBRP4XDYBJ92LPB835YFNDHWK,52.0,1
35YHTYFL1G3EI6U4RJRDUWFMELAVFM,( Days Inn Saint Louis - Lindbergh Boulevard),3LOTDFNYA7ZTKFS37V1B5ITLZ82WF3,44.0,0
35YHTYFL1G3EI6U4RJRDUWFMELAVFM,( Days Inn Saint Louis - Lindbergh Boulevard),3LWJHTCVCCMO0IWHVM25DTBZB7QQFY,267.0,0
35YHTYFL1G3EI6U4RJRDUWFMELAVFM,( Days Inn Saint Louis - Lindbergh Boulevard),3QRYMNZ7FYHDGQ1QAEFDQ3VVX6NTN0,54.0,0
35YHTYFL1G3EI6U4RJRDUWFMELAVFM,( Days Inn Saint Louis - Lindbergh Boulevard),3LQ8PUHQFLSVXGZ4D4LW7CWQ0DCIHD,122.0,1
3ZG552ORAM4UHCIS3OC6ADLX5H62VA,( SpringHill Suites St Louis Airport-Earth City),3I0BTBYZAXL6CG8DJE0EN8RX4DJY04,824.0,0
3ZG552ORAM4UHCIS3OC6ADLX5H62VA,( SpringHill Suites St Louis Airport-Earth City),3WZ36BJEV3GBFHCT7OA4Z8V1GG5BTN,68.0,1
3ZG552ORAM4UHCIS3OC6ADLX5H62VA,( SpringHill Suites St Louis Airport-Earth City),3G0WWMR1UVK0OA9YTALILYK8DYQNQG,18.0,0
3ZG552ORAM4UHCIS3OC6ADLX5H62VA,( SpringHill Suites St Louis Airport-Earth City),3JRJSWSMQHL4N3QJ2063I3XOPEBE3F,169.0,1
3ZG552ORAM4UHCIS3OC6ADLX5H62VA,( SpringHill Suites St Louis Airport-Earth City),3P59JYT76LKHR4CXOVHTYFSXMAFT2Q,66.0,1
3ZG552ORAM4UHCIS3OC6ADLX5H62VA,( SpringHill Suites St Louis Airport-Earth City),3300DTYQT2HWU4WL0BIZVBQZZ6CEQ5,122.0,1
3ZG552ORAM4UHCIS3OC6ADLX5H62VA,( SpringHill Suites St Louis Airport-Earth City),3U5NZHP4LR2NE2M8QZBGG9X2MQJHPY,145.0,1
3ZG552ORAM4UHCIS3OC6ADLX5H62VA,( SpringHill Suites St Louis Airport-Earth City),3TXWC2NHNZQRCOKHK4RIYX4PQYRS9A,128.0,1
3ZG552ORAM4UHCIS3OC6ADLX5H62VA,( SpringHill Suites St Louis Airport-Earth City),3URFVVM165IMXSUYD7GHQMO6QY4UZB,59.0,1
3NRZ1LDP7W67I3O86JCLRW6M423ZPT,( Holiday Inn Saint Louis-Airport - Oakland PK),3NPI0JQDAO5DJBD3QTS5US0QXJDPTD,774.0,0
3NRZ1LDP7W67I3O86JCLRW6M423ZPT,( Holiday Inn Saint Louis-Airport - Oakland PK),3X31TUMD7XMMJ6MWWIFO758B0RNL16,275.0,0
3NRZ1LDP7W67I3O86JCLRW6M423ZPT,( Holiday Inn Saint Louis-Airport - Oakland PK),3W2LOLRXLBFZS53V9CI2YWD9FPMRKF,12.0,0
3NRZ1LDP7W67I3O86JCLRW6M423ZPT,( Holiday Inn Saint Louis-Airport - Oakland PK),39OWYR0EPKRX9KN3MWJZQFE1AGXFYG,127.0,0
3NRZ1LDP7W67I3O86JCLRW6M423ZPT,( Holiday Inn Saint Louis-Airport - Oakland PK),37Z929RLG98AW3TVIAWZPX51K4CTSR,403.0,1
3NRZ1LDP7W67I3O86JCLRW6M423ZPT,( Holiday Inn Saint Louis-Airport - Oakland PK),3R3YRB5GRF3LWKMQ1F0I9TXXHCEAU5,30.0,1
3NRZ1LDP7W67I3O86JCLRW6M423ZPT,( Holiday Inn Saint Louis-Airport - Oakland PK),3L6L49WXW0XP9GGURDIJOEJHQLQ548,63.0,0
3NRZ1LDP7W67I3O86JCLRW6M423ZPT,( Holiday Inn Saint Louis-Airport - Oakland PK),3PPTZCWALQKU5ZNHWYWCGLRHNDUQZY,537.0,1
3NRZ1LDP7W67I3O86JCLRW6M423ZPT,( Holiday Inn Saint Louis-Airport - Oakland PK),36NEMU28XFDZQPKKTI5O08DUWAVMWJ,59.0,0
3JHB4BPSFK9DCO7A2YXBEDU3UV0Q9V,( Hilton St Louis Frontenac),39ZSFO5CA8WWXDPUVLDV2S0G7ZGJU2,569.0,0
3JHB4BPSFK9DCO7A2YXBEDU3UV0Q9V,( Hilton St Louis Frontenac),3AAJC4I4FGSDJCJ418C3JKFV9HYJZU,216.0,0
3JHB4BPSFK9DCO7A2YXBEDU3UV0Q9V,( Hilton St Louis Frontenac),3WYP994K17R1QRUSL3GVW91OHHF6YP,33.0,0
3JHB4BPSFK9DCO7A2YXBEDU3UV0Q9V,( Hilton St Louis Frontenac),3ZWFC4W1UU7OCJBH81R5IJL47T5RFD,141.0,1
3JHB4BPSFK9DCO7A2YXBEDU3UV0Q9V,( Hilton St Louis Frontenac),3TU5ZICBRD1FL3MUN8WZ31UDO3A8QW,46.0,0
3JHB4BPSFK9DCO7A2YXBEDU3UV0Q9V,( Hilton St Louis Frontenac),340UGXU9DY15O8POCARE5GBA2MHVUT,70.0,1
3JHB4BPSFK9DCO7A2YXBEDU3UV0Q9V,( Hilton St Louis Frontenac),3GS6S824SQX5875K5JKODN2U1ZSWNE,347.0,1
3JHB4BPSFK9DCO7A2YXBEDU3UV0Q9V,( Hilton St Louis Frontenac),3UWN2HHPUY5C1QOBLEANGYZ9VN7NS3,16.0,0
3JHB4BPSFK9DCO7A2YXBEDU3UV0Q9V,( Hilton St Louis Frontenac),3DEL4X4EL6LE96EOMQPLWME8EMHYXG,301.0,1
31HLTCK4BLVKW6QZ23XVCHFYF0AVGL,( Sheraton Westport Plaza),3M1CVSFP605T4RF9K6GDZS08ERIAQA,129.0,0
31HLTCK4BLVKW6QZ23XVCHFYF0AVGL,( Sheraton Westport Plaza),36V4Q8R5ZK0U6SOYH96I8JV8886MQ5,796.0,0
31HLTCK4BLVKW6QZ23XVCHFYF0AVGL,( Sheraton Westport Plaza),3LOZAJ85YDDO8LLHT5IQNID3Z6E2XT,269.0,1
31HLTCK4BLVKW6QZ23XVCHFYF0AVGL,( Sheraton Westport Plaza),3UJ1CZ6IZHP8B1I5HEE1MHZN4155SR,440.0,1
31HLTCK4BLVKW6QZ23XVCHFYF0AVGL,( Sheraton Westport Plaza),3JWH6J9I9SDDK479ASOSQ9P9RYMBNP,10.0,0
31HLTCK4BLVKW6QZ23XVCHFYF0AVGL,( Sheraton Westport Plaza),3PW9OPU9PQKGIK0OMCXJS992UR6127,103.0,0
31HLTCK4BLVKW6QZ23XVCHFYF0AVGL,( Sheraton Westport Plaza),3O6CYIULED1I3XPT2KWARIUO9VGUWZ,73.0,1
31HLTCK4BLVKW6QZ23XVCHFYF0AVGL,( Sheraton Westport Plaza),3OS4RQUCR9F1WCUSC45FI4G0P7MBF4,95.0,0
31HLTCK4BLVKW6QZ23XVCHFYF0AVGL,( Sheraton Westport Plaza),32AT8R96GL9PWG8KIFM9UTR33J0SU0,70.0,0
39O0SQZVJN79A6YH0GOR57D2VRF7R2,( Clayton Plaza),345LHZDEDXSLCZN5S0L8MLJRB2VU32,449.0,0
39O0SQZVJN79A6YH0GOR57D2VRF7R2,( Clayton Plaza),3ZAK8W07I4EPV7O89D3PKNLK8QJ0UL,77.0,1
39O0SQZVJN79A6YH0GOR57D2VRF7R2,( Clayton Plaza),3KJYX6QCM9BWASEU0BN0YE2ZL6ZJV1,40.0,0
39O0SQZVJN79A6YH0GOR57D2VRF7R2,( Clayton Plaza),3DHE4R9OCWBDMZQR4VIMZWD8WG22GL,165.0,1
39O0SQZVJN79A6YH0GOR57D2VRF7R2,( Clayton Plaza),337RC3OW05225I2U3WZDETFRPVLVLW,363.0,0
39O0SQZVJN79A6YH0GOR57D2VRF7R2,( Clayton Plaza),3018Q3ZVOIQTGSU9XL5D4IADADHAR8,109.0,1
39O0SQZVJN79A6YH0GOR57D2VRF7R2,( Clayton Plaza),33UKMF9319KBB36A7A1PZ21NMO3TTV,131.0,1
39O0SQZVJN79A6YH0GOR57D2VRF7R2,( Clayton Plaza),33LKR6A5KEKA2JU15RHFTWISU5FT1P,31.0,1
39O0SQZVJN79A6YH0GOR57D2VRF7R2,( Clayton Plaza),3U5JL4WY5K9YBZ04XJ1EGXA1JLF4XY,87.0,0
3T5ZXGO9DEOSIFPN6WRAR1WW9YPZQK,( Comfort Inn Central West End),3KJYX6QCM9BWASEU0BN0YE2ZL5NVJZ,857.0,0
3T5ZXGO9DEOSIFPN6WRAR1WW9YPZQK,( Comfort Inn Central West End),3W2LOLRXLBFZS53V9CI2YWD9FPHKR3,144.0,0
3T5ZXGO9DEOSIFPN6WRAR1WW9YPZQK,( Comfort Inn Central West End),39L1G8WVWQR532W7QCBOBJEU05631K,168.0,1
3T5ZXGO9DEOSIFPN6WRAR1WW9YPZQK,( Comfort Inn Central West End),32M8BPYGATMHXK4TTY3EMCKPLCNIG0,234.0,1
3T5ZXGO9DEOSIFPN6WRAR1WW9YPZQK,( Comfort Inn Central West End),3ZGVPD4G6TH7XFF9D2Q7LQ247JXZTN,34.0,1
3T5ZXGO9DEOSIFPN6WRAR1WW9YPZQK,( Comfort Inn Central West End),3SB4CE2TJVVDDOGL6KB5T0W1BUEXA3,585.0,1
3T5ZXGO9DEOSIFPN6WRAR1WW9YPZQK,( Comfort Inn Central West End),3K9FOBBF2HJPXDTL15DM4CLE3S5LNR,657.0,0
3T5ZXGO9DEOSIFPN6WRAR1WW9YPZQK,( Comfort Inn Central West End),3JBT3HLQF8295NM2WLHNGG17IGHZPN,237.0,0
3T5ZXGO9DEOSIFPN6WRAR1WW9YPZQK,( Comfort Inn Central West End),3180JW2OT4CFCYZFUK5NUG808I75JQ,30.0,0
3QHITW7OYO9RH7HFU4BBA85N0DIQAA,( Hilton Garden Inn Saint Louis Airport),3IX2EGZR7BJ4HLXDRRIQXHDW00FRJ9,37.0,0
3QHITW7OYO9RH7HFU4BBA85N0DIQAA,( Hilton Garden Inn Saint Louis Airport),3QXNC7EIPIVRBF05B28YORY6V5590Z,45.0,0
3QHITW7OYO9RH7HFU4BBA85N0DIQAA,( Hilton Garden Inn Saint Louis Airport),3OWEPKL089CQIS4JXBCCL73D88SN7C,117.0,0
3QHITW7OYO9RH7HFU4BBA85N0DIQAA,( Hilton Garden Inn Saint Louis Airport),33LK57MYLT56IF2UO2LHBL6I50JSZR,40.0,0
3QHITW7OYO9RH7HFU4BBA85N0DIQAA,( Hilton Garden Inn Saint Louis Airport),3N4BPTXIO8SR8XVCD6D7370TMOAUK6,44.0,1
3QHITW7OYO9RH7HFU4BBA85N0DIQAA,( Hilton Garden Inn Saint Louis Airport),30LSNF239UVRIQWMUJIPK8QOBT1I20,511.0,0
3QHITW7OYO9RH7HFU4BBA85N0DIQAA,( Hilton Garden Inn Saint Louis Airport),3L70J4KAZGMZFIB4FKATZTT9VDZDAG,442.0,0
3QHITW7OYO9RH7HFU4BBA85N0DIQAA,( Hilton Garden Inn Saint Louis Airport),33JKGHPFYCU93VB61HE14P033YRMNS,24.0,0
3QHITW7OYO9RH7HFU4BBA85N0DIQAA,( Hilton Garden Inn Saint Louis Airport),3AMYWKA6YBMPWDQQFG7XUI3M38J6OJ,77.0,0
3KLL7H3EGD1YW2LAM9FDXHRZU0NVHK,( Sheraton Clayton Plaza Saint Louis),3O7L7BFSHEPJD682N3DQM9ZD8WYIE9,141.0,0
3KLL7H3EGD1YW2LAM9FDXHRZU0NVHK,( Sheraton Clayton Plaza Saint Louis),34S6N1K2ZVJXNH7AY7I9ZSOIHGNHL5,201.0,1
3KLL7H3EGD1YW2LAM9FDXHRZU0NVHK,( Sheraton Clayton Plaza Saint Louis),3TXMY6UCAEOHX6C74KC45NQWEUOCQZ,225.0,1
3KLL7H3EGD1YW2LAM9FDXHRZU0NVHK,( Sheraton Clayton Plaza Saint Louis),358010RM5ETX5CJJHF21PNAEW4VXVK,28.0,1
3KLL7H3EGD1YW2LAM9FDXHRZU0NVHK,( Sheraton Clayton Plaza Saint Louis),3R8YZBNQ9HIBLPHBD34TP1YIDJ3Q7Q,292.0,1
3KLL7H3EGD1YW2LAM9FDXHRZU0NVHK,( Sheraton Clayton Plaza Saint Louis),3QY7M81QH7MPAMJG0YKWTFM9EDCK7T,36.0,1
3KLL7H3EGD1YW2LAM9FDXHRZU0NVHK,( Sheraton Clayton Plaza Saint Louis),3C8HJ7UOP7U3KKPP45PVZC7CDBPMZX,116.0,1
3KLL7H3EGD1YW2LAM9FDXHRZU0NVHK,( Sheraton Clayton Plaza Saint Louis),3R2UR8A0IAG2FSAMG3GNUVG60CMXO8,565.0,0
3KLL7H3EGD1YW2LAM9FDXHRZU0NVHK,( Sheraton Clayton Plaza Saint Louis),3HWRJOOET5287KBYSF74QB50HVOSE1,288.0,1
3G3AJKPCXLSLOKSKCDIEARMP7C3Y4A,( Doubletree St Louis at Westport),3F0BG9B9MPNKUR8X4DLN2N1KCRQ7YE,1084.0,0
3G3AJKPCXLSLOKSKCDIEARMP7C3Y4A,( Doubletree St Louis at Westport),3RKNTXVS3MYMFMSBM990WPZ3IZ44AQ,32.0,0
3G3AJKPCXLSLOKSKCDIEARMP7C3Y4A,( Doubletree St Louis at Westport),3IX2EGZR7BJ4HLXDRRIQXHDW00IJR4,76.0,0
3G3AJKPCXLSLOKSKCDIEARMP7C3Y4A,( Doubletree St Louis at Westport),3Z4AIRP3C6DHJ03LA1ICIZ3Y708X1F,37.0,0
3G3AJKPCXLSLOKSKCDIEARMP7C3Y4A,( Doubletree St Louis at Westport),333U7HK6I9FAGBE89QN6SSWSLZCDJD,35.0,1
3G3AJKPCXLSLOKSKCDIEARMP7C3Y4A,( Doubletree St Louis at Westport),3Q5ZZ9ZEVOFQSH3W3G8W5QZMS7L85H,29.0,1
3G3AJKPCXLSLOKSKCDIEARMP7C3Y4A,( Doubletree St Louis at Westport),31IBVUNM9SZG5QSYHLWFJGA7SZ0VFS,410.0,1
3G3AJKPCXLSLOKSKCDIEARMP7C3Y4A,( Doubletree St Louis at Westport),3TUI152ZZBNXA329ONNKOR75AX31Q4,37.0,0
3G3AJKPCXLSLOKSKCDIEARMP7C3Y4A,( Doubletree St Louis at Westport),3EWIJTFFVO786BRMJDOKG5ZHM3OE0J,147.0,0
3QO7EE372ONW0HM70IB75JPTIV3QB5,( Lehmann House),3EO896NRAWVHX0A5VGNLXWEEOL9TJL,354.0,0
3QO7EE372ONW0HM70IB75JPTIV3QB5,( Lehmann House),354P56DE9K3NY5WO57TYK1DJV7X7S5,92.0,0
3QO7EE372ONW0HM70IB75JPTIV3QB5,( Lehmann House),3D8YOU6S9EKK9IANB2J6TOVBLTXU68,550.0,0
3QO7EE372ONW0HM70IB75JPTIV3QB5,( Lehmann House),3DR23U6WE5E9MKODHFCU0G1MJDHETP,164.0,0
3QO7EE372ONW0HM70IB75JPTIV3QB5,( Lehmann House),30JNVC0OR9K8EENNQCQ5GENCRMEQH7,322.0,0
3QO7EE372ONW0HM70IB75JPTIV3QB5,( Lehmann House),3RXPCZQMQPB6XE8VLRI8UD334ACG16,41.0,0
3QO7EE372ONW0HM70IB75JPTIV3QB5,( Lehmann House),3S06PH7KSR43LUY4J1H0OS06RI5D12,19.0,0
3QO7EE372ONW0HM70IB75JPTIV3QB5,( Lehmann House),34T446B1C0ET9D78NMIPQHZE1QQC01,48.0,1
3QO7EE372ONW0HM70IB75JPTIV3QB5,( Lehmann House),3D8YOU6S9EKK9IANB2J6TOVBLTL6U8,135.0,1
35A1YQPVFEGHU3HFM0FLTVYFHP15IH,( Quality Inn Airport),3SNVL38CI4SVM3ECRFS791ENFOAKCT,729.0,0
35A1YQPVFEGHU3HFM0FLTVYFHP15IH,( Quality Inn Airport),3TS1AR6UQQEEU0R2ZNTZD2U46H47FN,354.0,1
35A1YQPVFEGHU3HFM0FLTVYFHP15IH,( Quality Inn Airport),3WOKGM4L71GUI24BDRRGLHTVQ4S0O5,31.0,0
35A1YQPVFEGHU3HFM0FLTVYFHP15IH,( Quality Inn Airport),3OUYGIZWR7YC32GCSR4VAHYL09O0PM,64.0,0
35A1YQPVFEGHU3HFM0FLTVYFHP15IH,( Quality Inn Airport),3MH9DQ757WCM6BZTNFSS5F80F77UGH,47.0,0
35A1YQPVFEGHU3HFM0FLTVYFHP15IH,( Quality Inn Airport),354P56DE9K3NY5WO57TYK1DJV76S7Z,24.0,0
35A1YQPVFEGHU3HFM0FLTVYFHP15IH,( Quality Inn Airport),3PB5A5BD0V6K80NXA7ZHVNUG7WRG7I,161.0,1
35A1YQPVFEGHU3HFM0FLTVYFHP15IH,( Quality Inn Airport),3OS4RQUCR9F1WCUSC45FI4G0P7LBF3,33.0,0
35A1YQPVFEGHU3HFM0FLTVYFHP15IH,( Quality Inn Airport),36U2A8VAG1Z8P6FHN7AW6S66IDLYKA,80.0,1
371Q3BEXDH94VV40Y0GFM1BXRMAZS9,( Extended Stay America - St. Louis - Westport - Central),3NPI0JQDAO5DJBD3QTS5US0QXKGPTI,416.0,0
371Q3BEXDH94VV40Y0GFM1BXRMAZS9,( Extended Stay America - St. Louis - Westport - Central),3WQQ9FUS6AUSHXK54QZ98CZE23QB84,11.0,0
371Q3BEXDH94VV40Y0GFM1BXRMAZS9,( Extended Stay America - St. Louis - Westport - Central),3VZLGYJEYLAEEWOTICR4ATNAKFWZXH,137.0,0
371Q3BEXDH94VV40Y0GFM1BXRMAZS9,( Extended Stay America - St. Louis - Westport - Central),32XVDSJFPZXDE9MDFYGHC1X5S2J2MY,28.0,1
371Q3BEXDH94VV40Y0GFM1BXRMAZS9,( Extended Stay America - St. Louis - Westport - Central),39ZSFO5CA8WWXDPUVLDV2S0G7ZAJUW,122.0,0
371Q3BEXDH94VV40Y0GFM1BXRMAZS9,( Extended Stay America - St. Louis - Westport - Central),3UWN2HHPUY5C1QOBLEANGYZ9VN9SNA,49.0,0
371Q3BEXDH94VV40Y0GFM1BXRMAZS9,( Extended Stay America - St. Louis - Westport - Central),33IZTU6J811HDK2FNKXWE0Q7X1LXS1,41.0,0
371Q3BEXDH94VV40Y0GFM1BXRMAZS9,( Extended Stay America - St. Louis - Westport - Central),3Y5140Z9DXGNAXXSWHT1GLYHM4MIPI,61.0,0
371Q3BEXDH94VV40Y0GFM1BXRMAZS9,( Extended Stay America - St. Louis - Westport - Central),3DEL4X4EL6LE96EOMQPLWME8EM0XYY,47.0,1
3UUIU9GZC5573HXQGCEP720OS6GT5L,( Home2 Suites By Hilton St. Louis/Forest Park),32M8BPYGATMHXK4TTY3EMCKPLCDIGQ,339.0,1
3UUIU9GZC5573HXQGCEP720OS6GT5L,( Home2 Suites By Hilton St. Louis/Forest Park),3C6FJU71TQTMS2KTHLEYCFF4K3RYUD,267.0,1
3UUIU9GZC5573HXQGCEP720OS6GT5L,( Home2 Suites By Hilton St. Louis/Forest Park),3YW4XOSQKQLP2W9Q5W7PYS4UDIMU1F,44.0,1
3UUIU9GZC5573HXQGCEP720OS6GT5L,( Home2 Suites By Hilton St. Louis/Forest Park),3SNLUL3WO4N2S3DUY6P8I7D8BOWULQ,45.0,1
3UUIU9GZC5573HXQGCEP720OS6GT5L,( Home2 Suites By Hilton St. Louis/Forest Park),3HQUKB7LNFEV1LOK7M3B70VB0ZTHHD,437.0,1
3UUIU9GZC5573HXQGCEP720OS6GT5L,( Home2 Suites By Hilton St. Louis/Forest Park),3COPXFW7XBCEGSNGWKEDT1DUE7EPK1,136.0,1
3UUIU9GZC5573HXQGCEP720OS6GT5L,( Home2 Suites By Hilton St. Louis/Forest Park),3R6BYFZZP7C89FXTH0XX717S8A7XFW,27.0,1
3UUIU9GZC5573HXQGCEP720OS6GT5L,( Home2 Suites By Hilton St. Louis/Forest Park),3AAPLD8UCCHL6UFF7GK0LJYZBTWTH7,119.0,1
3UUIU9GZC5573HXQGCEP720OS6GT5L,( Home2 Suites By Hilton St. Louis/Forest Park),3B2X28YI3WF5DJ1HBB2BOY3NW8L6BY,378.0,1
3OLZC0DJ8JFYSXWUSRXYXTSEUD2VID,( Napoleon's Retreat),3KIBXJ1WD5UWVSBFHK1Y418441ROKQ,62.0,1
3OLZC0DJ8JFYSXWUSRXYXTSEUD2VID,( Napoleon's Retreat),3O7L7BFSHEPJD682N3DQM9ZD8WZEI6,924.0,0
3OLZC0DJ8JFYSXWUSRXYXTSEUD2VID,( Napoleon's Retreat),3S3AMIZX3U5N8X82ZY6K5OJXVFICDD,49.0,0
3OLZC0DJ8JFYSXWUSRXYXTSEUD2VID,( Napoleon's Retreat),3JV9LGBJWTERT6FWRTGJ69GBXLWGO3,1163.0,0
3OLZC0DJ8JFYSXWUSRXYXTSEUD2VID,( Napoleon's Retreat),37WLF8U1WPQ66M5BHOF4N1MDJ2P6KD,314.0,1
3OLZC0DJ8JFYSXWUSRXYXTSEUD2VID,( Napoleon's Retreat),3C5W7UE9CFQEFPPA3N1A2RR15BJXM3,23.0,1
3OLZC0DJ8JFYSXWUSRXYXTSEUD2VID,( Napoleon's Retreat),31QNSG6A5RT5FLHFR9NT3ADIJDI78X,44.0,0
3OLZC0DJ8JFYSXWUSRXYXTSEUD2VID,( Napoleon's Retreat),3I02618YA06SJOSSQYIFZOMSGYHPU3,725.0,1
3OLZC0DJ8JFYSXWUSRXYXTSEUD2VID,( Napoleon's Retreat),3XC1O3LBOSMNSQY5Y1ZYDBR6SBNLTQ,194.0,1
38VTL6WC4AD3K3WKQI1OFJS378YY5F,( Motel 6 St Louis - Airport),30H4UDGLT2I96GNJHWRT8E5Y3BHMP9,307.0,0
38VTL6WC4AD3K3WKQI1OFJS378YY5F,( Motel 6 St Louis - Airport),3O7L7BFSHEPJD682N3DQM9ZD8W3EIA,96.0,0
38VTL6WC4AD3K3WKQI1OFJS378YY5F,( Motel 6 St Louis - Airport),39RP059MEHT72MM9YR9SDU09M8NMBB,95.0,0
38VTL6WC4AD3K3WKQI1OFJS378YY5F,( Motel 6 St Louis - Airport),30ZX6P7VF8VND1GSC13PW95OO8JJ26,42.0,0
38VTL6WC4AD3K3WKQI1OFJS378YY5F,( Motel 6 St Louis - Airport),33OOO72IVHLUPM4ZLO6ZAS1JY1UCTK,121.0,1
38VTL6WC4AD3K3WKQI1OFJS378YY5F,( Motel 6 St Louis - Airport),358UUM7WRZ3BXQWBQITTUR8N9587RB,268.0,0
38VTL6WC4AD3K3WKQI1OFJS378YY5F,( Motel 6 St Louis - Airport),30ZX6P7VF8VND1GSC13PW95OO9FJ24,302.0,0
38VTL6WC4AD3K3WKQI1OFJS378YY5F,( Motel 6 St Louis - Airport),3QUO65DNQUOAYOGRBY50AOH26UDOUF,108.0,0
38VTL6WC4AD3K3WKQI1OFJS378YY5F,( Motel 6 St Louis - Airport),3C6FJU71TQTMS2KTHLEYCFF4K4EYU2,164.0,1
3XDSWAMB22SFAMEDEI72G3VB0G3QCC,( Lodge At Grants Trail),3A7Y0R2P2OOOEHJP0QOIMZZK1HYXJ9,995.0,0
3XDSWAMB22SFAMEDEI72G3VB0G3QCC,( Lodge At Grants Trail),3P4MQ7TPPXCBJVIC72JJZEPFA95BBX,54.0,0
3XDSWAMB22SFAMEDEI72G3VB0G3QCC,( Lodge At Grants Trail),32N49TQG3GIL9ZBQ65AN5FZGVJ5VAX,67.0,0
3XDSWAMB22SFAMEDEI72G3VB0G3QCC,( Lodge At Grants Trail),3MB8LZR5BFTOP78I4SL6CK4A9X0KLL,91.0,0
3XDSWAMB22SFAMEDEI72G3VB0G3QCC,( Lodge At Grants Trail),3NQL1CS15R8M5H9TMBO381HNYAFVYE,41.0,0
3XDSWAMB22SFAMEDEI72G3VB0G3QCC,( Lodge At Grants Trail),3XLBSAQ9Z4CKZHI20ZN6GUAMIMMZ7R,261.0,0
3XDSWAMB22SFAMEDEI72G3VB0G3QCC,( Lodge At Grants Trail),3P59JYT76LKHR4CXOVHTYFSXMAG2T0,183.0,0
3XDSWAMB22SFAMEDEI72G3VB0G3QCC,( Lodge At Grants Trail),3TVSS0C0E1033KA42F60MM8MQIQWTT,74.0,0
3XDSWAMB22SFAMEDEI72G3VB0G3QCC,( Lodge At Grants Trail),36ZN444YTRY5PXLRHHGMRLTRCZOOI5,461.0,0
3MDKGGG61QN3MLX4LVOUZ8EOO1RT61,( Extended Stay America - St. Louis - Westport - Craig Road),3R2PKQ87NW8HPU0F4119ZH4MHXNMIY,352.0,0
3MDKGGG61QN3MLX4LVOUZ8EOO1RT61,( Extended Stay America - St. Louis - Westport - Craig Road),3LWJHTCVCCMO0IWHVM25DTBZB7WFQT,443.0,0
3MDKGGG61QN3MLX4LVOUZ8EOO1RT61,( Extended Stay America - St. Louis - Westport - Craig Road),3K5TEWLKGVB0FHUOIT20MDNZ8R4IVI,160.0,0
3MDKGGG61QN3MLX4LVOUZ8EOO1RT61,( Extended Stay America - St. Louis - Westport - Craig Road),3Z4XG4ZF48RZU0N69MRRX9Q6L6A8X6,35.0,0
3MDKGGG61QN3MLX4LVOUZ8EOO1RT61,( Extended Stay America - St. Louis - Westport - Craig Road),3I0BTBYZAXL6CG8DJE0EN8RX4EVY0I,143.0,0
3MDKGGG61QN3MLX4LVOUZ8EOO1RT61,( Extended Stay America - St. Louis - Westport - Craig Road),3V0Z7YWSIY0W4WGMTQH8ZXGIJVEV2R,248.0,0
3MDKGGG61QN3MLX4LVOUZ8EOO1RT61,( Extended Stay America - St. Louis - Westport - Craig Road),3HWRJOOET5287KBYSF74QB50HUISET,25.0,0
3MDKGGG61QN3MLX4LVOUZ8EOO1RT61,( Extended Stay America - St. Louis - Westport - Craig Road),3PEIJLRY6TTAK1JO7P7XBPTS3DSXWP,148.0,1
3MDKGGG61QN3MLX4LVOUZ8EOO1RT61,( Extended Stay America - St. Louis - Westport - Craig Road),3RXPCZQMQPB6XE8VLRI8UD334AS1G7,289.0,1
3OZ4VAIBEXFUN8G0A9IY9U7E7SRVJP,( Grand Center Inn),3UWN2HHPUY5C1QOBLEANGYZ9VM2SN1,94.0,1
3OZ4VAIBEXFUN8G0A9IY9U7E7SRVJP,( Grand Center Inn),35DR22AR5DKDT3H0X5WV6SIV5KEX3Z,600.0,0
3OZ4VAIBEXFUN8G0A9IY9U7E7SRVJP,( Grand Center Inn),3OS46CRSLFZKMXZNGSTBPAXUZ0BV63,298.0,1
3OZ4VAIBEXFUN8G0A9IY9U7E7SRVJP,( Grand Center Inn),3MRNMEIQW56GB128CBZJ879KPOWLD2,380.0,1
3OZ4VAIBEXFUN8G0A9IY9U7E7SRVJP,( Grand Center Inn),37UQDCYH6XV3QXDSZ2Y3VOXQUB07VJ,147.0,1
3OZ4VAIBEXFUN8G0A9IY9U7E7SRVJP,( Grand Center Inn),3X4MXAO0BGOQN5XCYQ15M7742WXWRI,59.0,0
3OZ4VAIBEXFUN8G0A9IY9U7E7SRVJP,( Grand Center Inn),3VP0C6EFSGW1WA5E20SK2EEH87K6MI,136.0,1
3OZ4VAIBEXFUN8G0A9IY9U7E7SRVJP,( Grand Center Inn),3WYGZ5XF3WFBTK38O1I7O6I51RMKSD,28.0,1
3OZ4VAIBEXFUN8G0A9IY9U7E7SRVJP,( Grand Center Inn),3MTMREQS4VIYOOBVWFFJRHIU2SPWAQ,78.0,1
35O6H0UNLSGDPE1L4I0L5WDFU4Q5JT,( Americas Best Value Inn St. Louis),3LS2AMNW5FQI6V9AUPLV0NKD38MOQN,84.0,0
35O6H0UNLSGDPE1L4I0L5WDFU4Q5JT,( Americas Best Value Inn St. Louis),3VHP9MDGRNKK6HMYQ41ATOMI7STFCM,574.0,0
35O6H0UNLSGDPE1L4I0L5WDFU4Q5JT,( Americas Best Value Inn St. Louis),3F0BG9B9MPNKUR8X4DLN2N1KCSUY7B,64.0,0
35O6H0UNLSGDPE1L4I0L5WDFU4Q5JT,( Americas Best Value Inn St. Louis),3ATPCQ38J8A2DT6VBGX7CE3AD08YAA,40.0,0
35O6H0UNLSGDPE1L4I0L5WDFU4Q5JT,( Americas Best Value Inn St. Louis),3IOEN3P9S7J40LJP9E9MIMQEAWC61X,489.0,0
35O6H0UNLSGDPE1L4I0L5WDFU4Q5JT,( Americas Best Value Inn St. Louis),3ZQIG0FLQEGIGCET7A6FN4W7N2KVWK,78.0,0
35O6H0UNLSGDPE1L4I0L5WDFU4Q5JT,( Americas Best Value Inn St. Louis),3P4RDNWND56ROMUU14OHJPC5D4JIJJ,118.0,1
35O6H0UNLSGDPE1L4I0L5WDFU4Q5JT,( Americas Best Value Inn St. Louis),3X4JMASXCM9AZ8F29MMUFXTWJ5WB0Z,62.0,0
35O6H0UNLSGDPE1L4I0L5WDFU4Q5JT,( Americas Best Value Inn St. Louis),3GD6L00D3SX6PO4HWUG37IN00W71MI,78.0,0
3MYASTQBG7BPFEKREE2D09DTLGFQDC,( Candlewood Suites Saint Louis),3NGI5ARFTT5CAR1UOA8VOMHV50NP15,999.0,0
3MYASTQBG7BPFEKREE2D09DTLGFQDC,( Candlewood Suites Saint Louis),3V5Q80FXIXRCSNE39GB2G2OZSBC23S,229.0,1
3MYASTQBG7BPFEKREE2D09DTLGFQDC,( Candlewood Suites Saint Louis),374TNBHA8BVU09DC0CUT2EIFHILQY0,211.0,0
3MYASTQBG7BPFEKREE2D09DTLGFQDC,( Candlewood Suites Saint Louis),3HUTX6F6VUN1EC7PSEVU45MAN2AO2B,109.0,0
3MYASTQBG7BPFEKREE2D09DTLGFQDC,( Candlewood Suites Saint Louis),3RXCAC0YIRPO8ESGKCRN9NQBIGC8GC,42.0,0
3MYASTQBG7BPFEKREE2D09DTLGFQDC,( Candlewood Suites Saint Louis),36ZN444YTRY5PXLRHHGMRLTRCY8OIN,98.0,1
3MYASTQBG7BPFEKREE2D09DTLGFQDC,( Candlewood Suites Saint Louis),3TMFV4NEP8EK50IGZHV5VQCZC438WC,166.0,0
3MYASTQBG7BPFEKREE2D09DTLGFQDC,( Candlewood Suites Saint Louis),386PBUZZXFXTEN20M7LUB54XU8VJLG,169.0,1
3MYASTQBG7BPFEKREE2D09DTLGFQDC,( Candlewood Suites Saint Louis),32VNZTT0A74EE3ESOKVMRFODI3V4R1,83.0,1
35F6NGNVM8JMQLB945TM5MEKJCBT70,( Lumiere Place Casino and Hotel),31Z0PCVWUKFOD593U7YOU695XP87TP,1069.0,0
35F6NGNVM8JMQLB945TM5MEKJCBT70,( Lumiere Place Casino and Hotel),33PPUNGG385UH02H9DLCLB1MJYVZR5,31.0,0
35F6NGNVM8JMQLB945TM5MEKJCBT70,( Lumiere Place Casino and Hotel),32KTQ2V7RDFOET7C07VWMO5JY8T9MX,141.0,0
35F6NGNVM8JMQLB945TM5MEKJCBT70,( Lumiere Place Casino and Hotel),3U8YCDAGXPGX3EHRS4JKAMOV5510Q4,191.0,0
35F6NGNVM8JMQLB945TM5MEKJCBT70,( Lumiere Place Casino and Hotel),3483FV8BEEJBP61LSI90N50J23L62B,76.0,0
35F6NGNVM8JMQLB945TM5MEKJCBT70,( Lumiere Place Casino and Hotel),3KB8R4ZV1E77ACQNNOBX0PGCQN3GBR,113.0,0
35F6NGNVM8JMQLB945TM5MEKJCBT70,( Lumiere Place Casino and Hotel),33JKGHPFYCU93VB61HE14P033YVMNW,819.0,0
35F6NGNVM8JMQLB945TM5MEKJCBT70,( Lumiere Place Casino and Hotel),33LKR6A5KEKA2JU15RHFTWISU53T1D,41.0,1
35F6NGNVM8JMQLB945TM5MEKJCBT70,( Lumiere Place Casino and Hotel),3K9FOBBF2HJPXDTL15DM4CLE3U3LNT,439.0,0
324N5FAHSXBPYSMISUIAA97RMHRVKO,( Super 8 St Louis Airport),3IFS6Q0HJIJKNPDKOYXVBQ3S9M4SIF,931.0,0
324N5FAHSXBPYSMISUIAA97RMHRVKO,( Super 8 St Louis Airport),386CSBG1OZMSHP36UTZ1JNYMI8RQ6Z,49.0,0
324N5FAHSXBPYSMISUIAA97RMHRVKO,( Super 8 St Louis Airport),3OJSZ2ATDSWMS3YDTBGQRQ3RHNA57M,82.0,0
324N5FAHSXBPYSMISUIAA97RMHRVKO,( Super 8 St Louis Airport),3D3VGR7TA0FTW7VOO6Q3HAW743ER3I,115.0,0
324N5FAHSXBPYSMISUIAA97RMHRVKO,( Super 8 St Louis Airport),3TU5ZICBRD1FL3MUN8WZ31UDO368QS,430.0,1
324N5FAHSXBPYSMISUIAA97RMHRVKO,( Super 8 St Louis Airport),3VNXK88KKCI74G1LEZWN9KOWP14V9Z,19.0,1
324N5FAHSXBPYSMISUIAA97RMHRVKO,( Super 8 St Louis Airport),3QEMNNSB2XZHWGD68HY9P2RJU4E7D2,30.0,0
324N5FAHSXBPYSMISUIAA97RMHRVKO,( Super 8 St Louis Airport),3QRYMNZ7FYHDGQ1QAEFDQ3VVX5CTNN,150.0,0
324N5FAHSXBPYSMISUIAA97RMHRVKO,( Super 8 St Louis Airport),3OVHNO1VE610GQJCRCQSGMKI4Y4ZD1,64.0,0
3JTPR5MTZSC80Y73M30X6BDS9TQ5KS,( Homewood Suites By Hilton St Louis Galleria),3TMSXRD2X602U0YV0WMQGGPRYXPW16,1137.0,0
3JTPR5MTZSC80Y73M30X6BDS9TQ5KS,( Homewood Suites By Hilton St Louis Galleria),3N1FSUEFL50KDTVN6J02MQ7932W4DN,183.0,1
3JTPR5MTZSC80Y73M30X6BDS9TQ5KS,( Homewood Suites By Hilton St Louis Galleria),3PPTZCWALQKU5ZNHWYWCGLRHNCUQZW,41.0,0
3JTPR5MTZSC80Y73M30X6BDS9TQ5KS,( Homewood Suites By Hilton St Louis Galleria),3LYA37P8IQNCCYM6DFWCYH85X3LBKO,45.0,0
3JTPR5MTZSC80Y73M30X6BDS9TQ5KS,( Homewood Suites By Hilton St Louis Galleria),3NJM2BJS4W6WXUBS47XF5I0M9YRPCA,57.0,0
3JTPR5MTZSC80Y73M30X6BDS9TQ5KS,( Homewood Suites By Hilton St Louis Galleria),3QIYRE09Y3HC76PH8VV3KXC05M81N9,78.0,0
3JTPR5MTZSC80Y73M30X6BDS9TQ5KS,( Homewood Suites By Hilton St Louis Galleria),3DZQRBDBSLF5XMV13VQ87K13Q503SL,108.0,1
3JTPR5MTZSC80Y73M30X6BDS9TQ5KS,( Homewood Suites By Hilton St Louis Galleria),3FTYUGLFSUL29CZNKOJCRIDN3YI5DK,21.0,1
3JTPR5MTZSC80Y73M30X6BDS9TQ5KS,( Homewood Suites By Hilton St Louis Galleria),3TE22NPXPBC7DXCUD8Z9JMD3QP1448,245.0,1
3JGHED38EDRI77A3EBGLD36ZYETY7U,( Avyan),3VE8AYVF8MXIUEWL9SL5R2QZH18F8G,62.0,0
3JGHED38EDRI77A3EBGLD36ZYETY7U,( Avyan),3RKNTXVS3MYMFMSBM990WPZ3IZ1A4T,287.0,1
3JGHED38EDRI77A3EBGLD36ZYETY7U,( Avyan),3SNVL38CI4SVM3ECRFS791ENFOFCKQ,73.0,1
3JGHED38EDRI77A3EBGLD36ZYETY7U,( Avyan),3RXCAC0YIRPO8ESGKCRN9NQBIGHG8P,42.0,0
3JGHED38EDRI77A3EBGLD36ZYETY7U,( Avyan),3U84XHCDICDNGU0JY1PZDIQCRKSZ43,292.0,1
3JGHED38EDRI77A3EBGLD36ZYETY7U,( Avyan),3N1FSUEFL50KDTVN6J02MQ7932J4DA,154.0,1
3JGHED38EDRI77A3EBGLD36ZYETY7U,( Avyan),3YMU66OBIN8H1PT9NGLTM0JALZPHGN,109.0,1
3JGHED38EDRI77A3EBGLD36ZYETY7U,( Avyan),3PH3VY7DJLXZPWJ387VI8A93BDWZWU,160.0,1
3JGHED38EDRI77A3EBGLD36ZYETY7U,( Avyan),35GMH2SV3EHT9SJ5LYQV66VZK5QEOT,44.0,1
3FBEFUUYRK5Y7PYVFVXD43OW0C7A6Y,( Econo Lodge Southwest),37W3JXSD668ZK69YCLTZU3015J3WYB,116.0,0
3FBEFUUYRK5Y7PYVFVXD43OW0C7A6Y,( Econo Lodge Southwest),35LDD5557A48VPQ344MLCXJZ92GKMD,201.0,1
3FBEFUUYRK5Y7PYVFVXD43OW0C7A6Y,( Econo Lodge Southwest),3483FV8BEEJBP61LSI90N50J22H261,120.0,0
3FBEFUUYRK5Y7PYVFVXD43OW0C7A6Y,( Econo Lodge Southwest),39N5ACM9HENUZW4PSNNO3SZE3DN9PC,11.0,1
3FBEFUUYRK5Y7PYVFVXD43OW0C7A6Y,( Econo Lodge Southwest),3NGMS9VZTLIR9T68H6RB1U7L453FFF,270.0,0
3FBEFUUYRK5Y7PYVFVXD43OW0C7A6Y,( Econo Lodge Southwest),3C2NJ6JBKAHJWR7DRZVHPGM5XSN2NS,641.0,1
3FBEFUUYRK5Y7PYVFVXD43OW0C7A6Y,( Econo Lodge Southwest),3ZPBJO59KP1EP5JILQKLGFGD87DHDH,403.0,1
3FBEFUUYRK5Y7PYVFVXD43OW0C7A6Y,( Econo Lodge Southwest),38JBBYETQOAP5Z9N2EBMS8PU3FR4EC,71.0,1
3FBEFUUYRK5Y7PYVFVXD43OW0C7A6Y,( Econo Lodge Southwest),3Y4W8Q93LZKJ76E2QF1PVG7MGOWVDX,630.0,1
3BAWBGQGYLZ13DFY90T16425GXS7VV,( Holiday Inn Airport West Earth City),31QTRG6Q2TD90XCX0ZF429S5CMYPY7,991.0,0
3BAWBGQGYLZ13DFY90T16425GXS7VV,( Holiday Inn Airport West Earth City),3XC1O3LBOSMNSQY5Y1ZYDBR6SAITLR,190.0,1
3BAWBGQGYLZ13DFY90T16425GXS7VV,( Holiday Inn Airport West Earth City),3ZPPDN2SLVWQ25FZJ97D9G0AP6H9EN,95.0,1
3BAWBGQGYLZ13DFY90T16425GXS7VV,( Holiday Inn Airport West Earth City),3ZSANO2JCF70DYBUNQRA8TQ0TVNFSO,240.0,0
3BAWBGQGYLZ13DFY90T16425GXS7VV,( Holiday Inn Airport West Earth City),3VZLGYJEYLAEEWOTICR4ATNAKFMZX7,56.0,0
3BAWBGQGYLZ13DFY90T16425GXS7VV,( Holiday Inn Airport West Earth City),38F5OAUN5NCY8WI8UDHZGN6HMWY7H2,23.0,0
3BAWBGQGYLZ13DFY90T16425GXS7VV,( Holiday Inn Airport West Earth City),3A4TN5196KI4KDD4LUPAW9YVN7WHCC,374.0,0
3BAWBGQGYLZ13DFY90T16425GXS7VV,( Holiday Inn Airport West Earth City),3U5JL4WY5K9YBZ04XJ1EGXA1JKZ4XG,27.0,1
3BAWBGQGYLZ13DFY90T16425GXS7VV,( Holiday Inn Airport West Earth City),3634BBTX0OUBJK8YIEXW4RKDKX6IFK,180.0,1
3D17ECOUOEV3GIYD0A6MMZJ9MRZ31X,( Red Roof Inn St Louis Westport),3MH9DQ757WCM6BZTNFSS5F80F72UGC,167.0,0
3D17ECOUOEV3GIYD0A6MMZJ9MRZ31X,( Red Roof Inn St Louis Westport),33LKR6A5KEKA2JU15RHFTWISU4H1TX,164.0,0
3D17ECOUOEV3GIYD0A6MMZJ9MRZ31X,( Red Roof Inn St Louis Westport),3TK8OJTYM1LSW3HSVOSKVAOBU53VPB,71.0,0
3D17ECOUOEV3GIYD0A6MMZJ9MRZ31X,( Red Roof Inn St Louis Westport),3LRLIPTPEQ97TOHE71WG36OZFL0KA2,207.0,0
3D17ECOUOEV3GIYD0A6MMZJ9MRZ31X,( Red Roof Inn St Louis Westport),3J88R45B2GYK0SMNV3T2JVLWAGUXPZ,169.0,1
3D17ECOUOEV3GIYD0A6MMZJ9MRZ31X,( Red Roof Inn St Louis Westport),37WLF8U1WPQ66M5BHOF4N1MDJ2S6KG,47.0,0
3D17ECOUOEV3GIYD0A6MMZJ9MRZ31X,( Red Roof Inn St Louis Westport),3MRNMEIQW56GB128CBZJ879KPPZDLZ,183.0,1
3D17ECOUOEV3GIYD0A6MMZJ9MRZ31X,( Red Roof Inn St Louis Westport),3HPZF4IVNMTQ683TVUTYI9TYD4WYCH,734.0,1
3D17ECOUOEV3GIYD0A6MMZJ9MRZ31X,( Red Roof Inn St Louis Westport),3ZDAD0O1T1DISKFUCK2MO5MTZKITX5,38.0,1
3L2OEKSTW9AM7LFMOG8RR32U9YZY8H,( Americas Best Value Inn Saint Louis South),3VFJCI1K4ZZUQJ7CJLXN04LG87TRGY,173.0,0
3L2OEKSTW9AM7LFMOG8RR32U9YZY8H,( Americas Best Value Inn Saint Louis South),3WETL7AQWT84RKXQRZD0E9RBCL353W,65.0,0
3L2OEKSTW9AM7LFMOG8RR32U9YZY8H,( Americas Best Value Inn Saint Louis South),3S0TNUHWKTILWUIPIMQF32NE5O0D8B,178.0,0
3L2OEKSTW9AM7LFMOG8RR32U9YZY8H,( Americas Best Value Inn Saint Louis South),3EJJQNKU9R58QF2N3RF5L4XHN8JRHC,31.0,0
3L2OEKSTW9AM7LFMOG8RR32U9YZY8H,( Americas Best Value Inn Saint Louis South),3BGYGHDBBXKN75IK5GXXXSJ7MXO22T,226.0,0
3L2OEKSTW9AM7LFMOG8RR32U9YZY8H,( Americas Best Value Inn Saint Louis South),3SNLUL3WO4N2S3DUY6P8I7D8BO7UL1,75.0,0
3L2OEKSTW9AM7LFMOG8RR32U9YZY8H,( Americas Best Value Inn Saint Louis South),3SKRO2GZ71RBZ04EBI3NS5VWBR9K1T,71.0,1
3L2OEKSTW9AM7LFMOG8RR32U9YZY8H,( Americas Best Value Inn Saint Louis South),3B4YI393V9W9H3GGTAR9FS9FIL1SS4,194.0,0
3L2OEKSTW9AM7LFMOG8RR32U9YZY8H,( Americas Best Value Inn Saint Louis South),3XC1O3LBOSMNSQY5Y1ZYDBR6SA8LT9,49.0,0
3YD0MU1NC21HBPC0Y525AHOSVNRA7X,( Americas Best Value Inn St Louis Airport),37Z929RLG98AW3TVIAWZPX51K3LSTX,57.0,1
3YD0MU1NC21HBPC0Y525AHOSVNRA7X,( Americas Best Value Inn St Louis Airport),3WJ1OXY92AGNYNFDYCZDD1F8KLVA8Y,848.0,0
3YD0MU1NC21HBPC0Y525AHOSVNRA7X,( Americas Best Value Inn St Louis Airport),3RANCT1ZVFHQFURI7T0E44H3ZUCUBX,109.0,0
3YD0MU1NC21HBPC0Y525AHOSVNRA7X,( Americas Best Value Inn St Louis Airport),3ND9UOO81K2FK72ZT6490VY5W42WLM,76.0,0
3YD0MU1NC21HBPC0Y525AHOSVNRA7X,( Americas Best Value Inn St Louis Airport),3I33IC7ZWF2CC8DOIVQC3A25YLD2AX,370.0,0
3YD0MU1NC21HBPC0Y525AHOSVNRA7X,( Americas Best Value Inn St Louis Airport),33C7UALJVLYR4Z2D2T6K20M5GR018C,17.0,0
3YD0MU1NC21HBPC0Y525AHOSVNRA7X,( Americas Best Value Inn St Louis Airport),3X1FV8S5JXRMJQOTS52X11AJTERVGI,19.0,0
3YD0MU1NC21HBPC0Y525AHOSVNRA7X,( Americas Best Value Inn St Louis Airport),3CN4LGXD5XONB4QE2FNGZBHALQS4YL,153.0,1
3YD0MU1NC21HBPC0Y525AHOSVNRA7X,( Americas Best Value Inn St Louis Airport),3ZY8KE4ISJ3DWFI7V179VFELZ18VQL,23.0,1
3VGET1QSZ0ZEI2F3ZAYXS6LJN6U7W5,( Homewood Suites by Hilton St. Louis Riverport),30ZX6P7VF8VND1GSC13PW95OO802J6,200.0,0
3VGET1QSZ0ZEI2F3ZAYXS6LJN6U7W5,( Homewood Suites by Hilton St. Louis Riverport),3VNL7UK1XFJ1SYO9CQW0IYMMVEVFT7,657.0,0
3VGET1QSZ0ZEI2F3ZAYXS6LJN6U7W5,( Homewood Suites by Hilton St. Louis Riverport),32SCWG5HIH47HD2RUGKCJI8CDCB6PU,42.0,0
3VGET1QSZ0ZEI2F3ZAYXS6LJN6U7W5,( Homewood Suites by Hilton St. Louis Riverport),35H6S234SA03O3K8A1BYLC3VMCC569,235.0,1
3VGET1QSZ0ZEI2F3ZAYXS6LJN6U7W5,( Homewood Suites by Hilton St. Louis Riverport),3TUI152ZZBNXA329ONNKOR75AXK1QL,170.0,1
3VGET1QSZ0ZEI2F3ZAYXS6LJN6U7W5,( Homewood Suites by Hilton St. Louis Riverport),3ZSANO2JCF70DYBUNQRA8TQ0TVYFSZ,24.0,0
3VGET1QSZ0ZEI2F3ZAYXS6LJN6U7W5,( Homewood Suites by Hilton St. Louis Riverport),3GDTJDAPVUBO0OO2VFPIMSA8E268M2,771.0,0
3VGET1QSZ0ZEI2F3ZAYXS6LJN6U7W5,( Homewood Suites by Hilton St. Louis Riverport),3VJ40NV2QINVYB12BTFQ5SV0NFBOTR,236.0,0
3VGET1QSZ0ZEI2F3ZAYXS6LJN6U7W5,( Homewood Suites by Hilton St. Louis Riverport),3CFVK00FWLLHQSNT2OR521ZS83A6LY,166.0,0
3ZLW647WALVA53G9JE60RITEEXD32E,( Forget-Me-Not Bed And Breakfast),3BF51CHDTVAKQLIO9EWQ18WUEH70H8,1051.0,0
3ZLW647WALVA53G9JE60RITEEXD32E,( Forget-Me-Not Bed And Breakfast),3OE22WJIGIODJ0T7QBX4ZTC2LUIQUA,555.0,0
3ZLW647WALVA53G9JE60RITEEXD32E,( Forget-Me-Not Bed And Breakfast),33UKMF9319KBB36A7A1PZ21NMNBTT1,56.0,0
3ZLW647WALVA53G9JE60RITEEXD32E,( Forget-Me-Not Bed And Breakfast),379J5II41OGL37G886A3EPR5P0ELEC,103.0,1
3ZLW647WALVA53G9JE60RITEEXD32E,( Forget-Me-Not Bed And Breakfast),3IX2EGZR7BJ4HLXDRRIQXHDW002RJW,757.0,1
3ZLW647WALVA53G9JE60RITEEXD32E,( Forget-Me-Not Bed And Breakfast),3DY46V3X3PI75ZKU5I1TT6PVQHK55C,23.0,1
3ZLW647WALVA53G9JE60RITEEXD32E,( Forget-Me-Not Bed And Breakfast),3ZPPDN2SLVWQ25FZJ97D9G0AP639E9,46.0,0
3ZLW647WALVA53G9JE60RITEEXD32E,( Forget-Me-Not Bed And Breakfast),33L7PJKHCGYSDJEM4CQU86508ABT8X,355.0,0
3ZLW647WALVA53G9JE60RITEEXD32E,( Forget-Me-Not Bed And Breakfast),39OWYR0EPKRX9KN3MWJZQFE1AHEFYZ,1003.0,1
379OL9DBSSEMLQYWT8E5RZX5T4HY96,( The Ritz-Carlton - St. Louis),3LRLIPTPEQ97TOHE71WG36OZFLPAKH,69.0,1
379OL9DBSSEMLQYWT8E5RZX5T4HY96,( The Ritz-Carlton - St. Louis),3VP0C6EFSGW1WA5E20SK2EEH87UM68,272.0,1
379OL9DBSSEMLQYWT8E5RZX5T4HY96,( The Ritz-Carlton - St. Louis),38BQUHLA9W0RLGBI2WEEJE08T7QMOZ,380.0,0
379OL9DBSSEMLQYWT8E5RZX5T4HY96,( The Ritz-Carlton - St. Louis),37Q970SNZE89NJHMGRCPJRM6SL31S8,299.0,1
379OL9DBSSEMLQYWT8E5RZX5T4HY96,( The Ritz-Carlton - St. Louis),3T111IHZ5EQFB9K45FRD8NZT4V89R1,342.0,0
379OL9DBSSEMLQYWT8E5RZX5T4HY96,( The Ritz-Carlton - St. Louis),36PW28KO4ZW47OP4BFLD5BBUVO5AE9,73.0,1
379OL9DBSSEMLQYWT8E5RZX5T4HY96,( The Ritz-Carlton - St. Louis),3MHW492WW0DMB0KF380SE6UGP0ZMVD,292.0,1
379OL9DBSSEMLQYWT8E5RZX5T4HY96,( The Ritz-Carlton - St. Louis),3RGU30DZTA8DK5KLMJM9BIJMUDTMJT,571.0,1
379OL9DBSSEMLQYWT8E5RZX5T4HY96,( The Ritz-Carlton - St. Louis),39U1BHVTDLR6CM8GSVVYHPXPSO73T3,15.0,0
