HIT ID,HOSPITAL,ASSIGNMENT ID,TIME TAKEN,WORKER VOTE
3U18MJKL1UMU7P1LYQFLC906V5GNCM, ( SSM Health St. Joseph Hospital; 300 1st Capitol Dr),3P1L2B7AD1P7FYTX2KDZJ1LJT1WLOQ,12.0,less than 5
3U18MJKL1UMU7P1LYQFLC906V5GNCM, ( SSM Health St. Joseph Hospital; 300 1st Capitol Dr),3IGI0VL647KX3YWIEXTEWTP8YXXONY,455.0,greater than or equal to 5
3U18MJKL1UMU7P1LYQFLC906V5GNCM, ( SSM Health St. Joseph Hospital; 300 1st Capitol Dr),3SEPORI8WNZ2IJG072ZQQLCCJULZAB,45.0,greater than or equal to 5
3U18MJKL1UMU7P1LYQFLC906V5GNCM, ( SSM Health St. Joseph Hospital; 300 1st Capitol Dr),34HJIJKLP5W67AV9X40WSCDG39NV40,247.0,greater than or equal to 5
3U18MJKL1UMU7P1LYQFLC906V5GNCM, ( SSM Health St. Joseph Hospital; 300 1st Capitol Dr),3KYQYYSHYV7OHM55P3FB0ODEKTKDOU,929.0,greater than or equal to 5
3U18MJKL1UMU7P1LYQFLC906V5GNCM, ( SSM Health St. Joseph Hospital; 300 1st Capitol Dr),3XUHV3NRVKYJLS4P6K22I3SLVQAH54,176.0,greater than or equal to 5
3U18MJKL1UMU7P1LYQFLC906V5GNCM, ( SSM Health St. Joseph Hospital; 300 1st Capitol Dr),3CFJTT4SXTQY4RTS0VZKGZ7WMAQI7L,446.0,greater than or equal to 5
3TRB893CSJAILGP3K5UF63ZVTI47G6, ( Washington University and Barnes-Jewish Heart & Vascular Center; 11124 S Towne Square),320DUZ38G7MDSVOZBGOEYDZPYR2GJ0,35.0,less than 5
3TRB893CSJAILGP3K5UF63ZVTI47G6, ( Washington University and Barnes-Jewish Heart & Vascular Center; 11124 S Towne Square),3TU5ZICBRD1FL3MUN8WZ31UDO35Q89,15.0,less than 5
3TRB893CSJAILGP3K5UF63ZVTI47G6, ( Washington University and Barnes-Jewish Heart & Vascular Center; 11124 S Towne Square),3M0BCWMB8VW37YGN2TFFMS20KCUWB9,10.0,less than 5
3TRB893CSJAILGP3K5UF63ZVTI47G6, ( Washington University and Barnes-Jewish Heart & Vascular Center; 11124 S Towne Square),324G5B4FB38NXWCCW5AEAV700HQ70Y,129.0,less than 5
3TRB893CSJAILGP3K5UF63ZVTI47G6, ( Washington University and Barnes-Jewish Heart & Vascular Center; 11124 S Towne Square),39O5D9O87TSPQ5656908SFXL442C3S,25.0,greater than or equal to 5
3TRB893CSJAILGP3K5UF63ZVTI47G6, ( Washington University and Barnes-Jewish Heart & Vascular Center; 11124 S Towne Square),3L6L49WXW0XP9GGURDIJOEJHQNC45X,55.0,less than 5
3TRB893CSJAILGP3K5UF63ZVTI47G6, ( Washington University and Barnes-Jewish Heart & Vascular Center; 11124 S Towne Square),33PPO7FECVFEL0U2R826GRHS8MDDIV,346.0,less than 5
3TRB893CSJAILGP3K5UF63ZVTI47G6, ( Washington University and Barnes-Jewish Heart & Vascular Center; 11124 S Towne Square),3YZ8UPK3VTM9PZJOLTW9FONLHHXUCT,50.0,less than 5
3VI0PC2ZAYK0S8CSQ1BL5BLLMX9XOD, ( Windsor Health Center; 100 N 8th St #238),3M81GAB8A0JYN1K1QKG9U3KEW80BQ1,89.0,less than 5
3VI0PC2ZAYK0S8CSQ1BL5BLLMX9XOD, ( Windsor Health Center; 100 N 8th St #238),384PI804XS19GUW4K88P5M3WNTES0D,49.0,greater than or equal to 5
3VI0PC2ZAYK0S8CSQ1BL5BLLMX9XOD, ( Windsor Health Center; 100 N 8th St #238),3C8HJ7UOP7U3KKPP45PVZC7CDDTMZ5,168.0,less than 5
3VI0PC2ZAYK0S8CSQ1BL5BLLMX9XOD, ( Windsor Health Center; 100 N 8th St #238),3QFUFYSY9YFHBD9JXPVSAQAUFHO4FE,148.0,less than 5
3VI0PC2ZAYK0S8CSQ1BL5BLLMX9XOD, ( Windsor Health Center; 100 N 8th St #238),3YDTZAI2WXGQLYFBQQG7LO60E7741F,32.0,greater than or equal to 5
3VI0PC2ZAYK0S8CSQ1BL5BLLMX9XOD, ( Windsor Health Center; 100 N 8th St #238),33FBRBDW6OZBR2CBIQV4JW5WKQUC8K,70.0,greater than or equal to 5
3VI0PC2ZAYK0S8CSQ1BL5BLLMX9XOD, ( Windsor Health Center; 100 N 8th St #238),3X87C8JFV6BX4N131624KSUE0ZDSQG,41.0,less than 5
3VI0PC2ZAYK0S8CSQ1BL5BLLMX9XOD, ( Windsor Health Center; 100 N 8th St #238),3YDTZAI2WXGQLYFBQQG7LO60E7L14Q,43.0,less than 5
301KG0KX9CLPZBN8YZV2VCUOX2V2HK, ( SSM Health St. Mary's Hospital - St. Louis; 6420 Clayton Rd),3P1L2B7AD1P7FYTX2KDZJ1LJT2XOLW,48.0,greater than or equal to 5
301KG0KX9CLPZBN8YZV2VCUOX2V2HK, ( SSM Health St. Mary's Hospital - St. Louis; 6420 Clayton Rd),37KGEN7NJ3QFRJKW9CJLPIZT8HJPP1,14.0,greater than or equal to 5
301KG0KX9CLPZBN8YZV2VCUOX2V2HK, ( SSM Health St. Mary's Hospital - St. Louis; 6420 Clayton Rd),3KOPY89HM82CYJCBG1HUFJAGUOWJ3Y,242.0,greater than or equal to 5
301KG0KX9CLPZBN8YZV2VCUOX2V2HK, ( SSM Health St. Mary's Hospital - St. Louis; 6420 Clayton Rd),3WMINLGALB3PAQ5QFOFIFNBRAESCAM,12.0,greater than or equal to 5
301KG0KX9CLPZBN8YZV2VCUOX2V2HK, ( SSM Health St. Mary's Hospital - St. Louis; 6420 Clayton Rd),3SKRO2GZ71RBZ04EBI3NS5VWBTV1K0,75.0,greater than or equal to 5
301KG0KX9CLPZBN8YZV2VCUOX2V2HK, ( SSM Health St. Mary's Hospital - St. Louis; 6420 Clayton Rd),3WLEIWSYHOHRMVL2O104KWP9BI7H2V,28.0,greater than or equal to 5
301KG0KX9CLPZBN8YZV2VCUOX2V2HK, ( SSM Health St. Mary's Hospital - St. Louis; 6420 Clayton Rd),3F1567XTNW5FZ854S02D3XPO8BD9QB,33.0,less than 5
301KG0KX9CLPZBN8YZV2VCUOX2V2HK, ( SSM Health St. Mary's Hospital - St. Louis; 6420 Clayton Rd),31IBVUNM9SZG5QSYHLWFJGA7S1PVFL,179.0,greater than or equal to 5
3VZYA8PITOY6N80ZIAQFNRYJVVK50M, ( SSM Medical Group Pediatrics - South County; 30 Ronnie's Plaza),3S3AMIZX3U5N8X82ZY6K5OJXVFCCD7,42.0,less than 5
3VZYA8PITOY6N80ZIAQFNRYJVVK50M, ( SSM Medical Group Pediatrics - South County; 30 Ronnie's Plaza),3R2PKQ87NW8HPU0F4119ZH4MHYDMIQ,19.0,less than 5
3VZYA8PITOY6N80ZIAQFNRYJVVK50M, ( SSM Medical Group Pediatrics - South County; 30 Ronnie's Plaza),3Q5ZZ9ZEVOFQSH3W3G8W5QZMS96583,351.0,less than 5
3VZYA8PITOY6N80ZIAQFNRYJVVK50M, ( SSM Medical Group Pediatrics - South County; 30 Ronnie's Plaza),3RU7GD8VPOTC4B0O1TNFKN44V3ESPC,385.0,less than 5
3VZYA8PITOY6N80ZIAQFNRYJVVK50M, ( SSM Medical Group Pediatrics - South County; 30 Ronnie's Plaza),33PPUNGG385UH02H9DLCLB1MJ03RZ9,16.0,greater than or equal to 5
3VZYA8PITOY6N80ZIAQFNRYJVVK50M, ( SSM Medical Group Pediatrics - South County; 30 Ronnie's Plaza),36WLNQG78ZA9QYUWHTL90MV0D8SEBE,64.0,less than 5
3VZYA8PITOY6N80ZIAQFNRYJVVK50M, ( SSM Medical Group Pediatrics - South County; 30 Ronnie's Plaza),38BQUHLA9W0RLGBI2WEEJE08T92OMH,282.0,less than 5
3VZYA8PITOY6N80ZIAQFNRYJVVK50M, ( SSM Medical Group Pediatrics - South County; 30 Ronnie's Plaza),3Z4GS9HPNVA1F7CWH4VNPAHN8V4776,457.0,greater than or equal to 5
3R868ACW4SC15QV930MYXNSU3BGZGP, ( SLUcare Physician Group; 1438 S Grand Blvd),3R5F3LQFV2KRKNA1HL48RGWH8B5ZOQ,32.0,less than 5
3R868ACW4SC15QV930MYXNSU3BGZGP, ( SLUcare Physician Group; 1438 S Grand Blvd),3NPI0JQDAO5DJBD3QTS5US0QXKZPT1,112.0,less than 5
3R868ACW4SC15QV930MYXNSU3BGZGP, ( SLUcare Physician Group; 1438 S Grand Blvd),3FUI0JHJPXY1D5AMDGP7ZCTRYPY33Q,52.0,less than 5
3R868ACW4SC15QV930MYXNSU3BGZGP, ( SLUcare Physician Group; 1438 S Grand Blvd),34S6N1K2ZVJXNH7AY7I9ZSOIHG8HLQ,12.0,less than 5
3R868ACW4SC15QV930MYXNSU3BGZGP, ( SLUcare Physician Group; 1438 S Grand Blvd),34S9DKFK73P9XC0KKK2CYKNAC91YNS,292.0,less than 5
3R868ACW4SC15QV930MYXNSU3BGZGP, ( SLUcare Physician Group; 1438 S Grand Blvd),3SKEMFQBZ35TA0OZA3C27FI4PZ1K83,586.0,less than 5
3R868ACW4SC15QV930MYXNSU3BGZGP, ( SLUcare Physician Group; 1438 S Grand Blvd),32AT8R96GL9PWG8KIFM9UTR33K7USB,23.0,greater than or equal to 5
3R868ACW4SC15QV930MYXNSU3BGZGP, ( SLUcare Physician Group; 1438 S Grand Blvd),3LKC68YZ3A3NQS5W6YK1SC2ZRBFWOF,42.0,less than 5
3O71U79SRBP4WO5HJBQLEZFOCISSML, ( Missouri Baptist Medical Center; 3015 N Ballas Rd),3QY5DC2MXRKGSB3YCVMANU8OESZFUV,41.0,greater than or equal to 5
3O71U79SRBP4WO5HJBQLEZFOCISSML, ( Missouri Baptist Medical Center; 3015 N Ballas Rd),39OWYR0EPKRX9KN3MWJZQFE1AGZFYI,55.0,greater than or equal to 5
3O71U79SRBP4WO5HJBQLEZFOCISSML, ( Missouri Baptist Medical Center; 3015 N Ballas Rd),3JMSRU9HQIUOZCS2MAC91YP7GYIEVQ,15.0,greater than or equal to 5
3O71U79SRBP4WO5HJBQLEZFOCISSML, ( Missouri Baptist Medical Center; 3015 N Ballas Rd),3MB8LZR5BFTOP78I4SL6CK4A9ZNKLC,131.0,greater than or equal to 5
3O71U79SRBP4WO5HJBQLEZFOCISSML, ( Missouri Baptist Medical Center; 3015 N Ballas Rd),3137ONMDKG55HF27XFDN1XMXTLIEGT,9.0,greater than or equal to 5
3O71U79SRBP4WO5HJBQLEZFOCISSML, ( Missouri Baptist Medical Center; 3015 N Ballas Rd),3HYA4D452RJ78ZUWTBC4HBDWV3S2FG,119.0,less than 5
3O71U79SRBP4WO5HJBQLEZFOCISSML, ( Missouri Baptist Medical Center; 3015 N Ballas Rd),3FPRZHYEPY7LPEC5XQVDI7LAPBI3VI,50.0,greater than or equal to 5
3O71U79SRBP4WO5HJBQLEZFOCISSML, ( Missouri Baptist Medical Center; 3015 N Ballas Rd),3L2IS5HSFAISG3GFAJ5NVZHXGLZUNZ,19.0,greater than or equal to 5
3J5XXLQDHMBJ2UEB7OQBTNQPBV5V3D, ( Hope Recovery Center VA Medical Center; 515 N Jefferson Ave),34S6N1K2ZVJXNH7AY7I9ZSOIHGKHL2,39.0,less than 5
3J5XXLQDHMBJ2UEB7OQBTNQPBV5V3D, ( Hope Recovery Center VA Medical Center; 515 N Jefferson Ave),31N2WW6R9RQWTHQFXBQ90LIO1F4F3C,16.0,less than 5
3J5XXLQDHMBJ2UEB7OQBTNQPBV5V3D, ( Hope Recovery Center VA Medical Center; 515 N Jefferson Ave),3L2IS5HSFAISG3GFAJ5NVZHXGJANUZ,261.0,less than 5
3J5XXLQDHMBJ2UEB7OQBTNQPBV5V3D, ( Hope Recovery Center VA Medical Center; 515 N Jefferson Ave),3K4J6M3CXET2R2LVHAB15EW685UGA8,735.0,less than 5
3J5XXLQDHMBJ2UEB7OQBTNQPBV5V3D, ( Hope Recovery Center VA Medical Center; 515 N Jefferson Ave),3ND9UOO81K2FK72ZT6490VY5W6XLWA,116.0,less than 5
3J5XXLQDHMBJ2UEB7OQBTNQPBV5V3D, ( Hope Recovery Center VA Medical Center; 515 N Jefferson Ave),3W8CV64QJ2Z2MF619AFJUJXNHOF9HD,102.0,less than 5
3J5XXLQDHMBJ2UEB7OQBTNQPBV5V3D, ( Hope Recovery Center VA Medical Center; 515 N Jefferson Ave),3ZR9AIQJUB9QE9UTU7C77JNQ9FZ40A,86.0,less than 5
3J5XXLQDHMBJ2UEB7OQBTNQPBV5V3D, ( Hope Recovery Center VA Medical Center; 515 N Jefferson Ave),3M0BCWMB8VW37YGN2TFFMS20KCWWBB,146.0,greater than or equal to 5
3X0EMNLXEPPQ9JJY5MNI6QTQGRXPVJ, ( SSM Health Rehabilitation Hospital - Richmond Heights; 1027 Bellevue Ave),34MAJL3QP4NMV1TQDUUQ9HLXCP634N,40.0,less than 5
3X0EMNLXEPPQ9JJY5MNI6QTQGRXPVJ, ( SSM Health Rehabilitation Hospital - Richmond Heights; 1027 Bellevue Ave),3Z4GS9HPNVA1F7CWH4VNPAHN8TI77G,46.0,greater than or equal to 5
3X0EMNLXEPPQ9JJY5MNI6QTQGRXPVJ, ( SSM Health Rehabilitation Hospital - Richmond Heights; 1027 Bellevue Ave),345LHZDEDXSLCZN5S0L8MLJRB2JU3Q,23.0,greater than or equal to 5
3X0EMNLXEPPQ9JJY5MNI6QTQGRXPVJ, ( SSM Health Rehabilitation Hospital - Richmond Heights; 1027 Bellevue Ave),3MRNMEIQW56GB128CBZJ879KPQULD4,314.0,greater than or equal to 5
3X0EMNLXEPPQ9JJY5MNI6QTQGRXPVJ, ( SSM Health Rehabilitation Hospital - Richmond Heights; 1027 Bellevue Ave),3PQMUDRV7R6VTBAOJM3H7OX50RHIIY,240.0,less than 5
3X0EMNLXEPPQ9JJY5MNI6QTQGRXPVJ, ( SSM Health Rehabilitation Hospital - Richmond Heights; 1027 Bellevue Ave),3DH6GAKTYYP3E1E3N8D6T7UJMNIYZI,59.0,greater than or equal to 5
3X0EMNLXEPPQ9JJY5MNI6QTQGRXPVJ, ( SSM Health Rehabilitation Hospital - Richmond Heights; 1027 Bellevue Ave),34BBWHLWHABDU6UT837W8F6DF2GWIK,23.0,greater than or equal to 5
3X0EMNLXEPPQ9JJY5MNI6QTQGRXPVJ, ( SSM Health Rehabilitation Hospital - Richmond Heights; 1027 Bellevue Ave),3EJJQNKU9R58QF2N3RF5L4XHNAYRHV,120.0,greater than or equal to 5
3CVBMEMMXBGWLCKE4BCXR3BW8IH7H5, ( Barnes-Jewish West County Hospital: Emergency Room; 12634 Olive Blvd),308Q0PEVB8D2IAHLFSX4UVY2HYGI9V,30.0,less than 5
3CVBMEMMXBGWLCKE4BCXR3BW8IH7H5, ( Barnes-Jewish West County Hospital: Emergency Room; 12634 Olive Blvd),36NEMU28XFDZQPKKTI5O08DUW9BWM7,32.0,less than 5
3CVBMEMMXBGWLCKE4BCXR3BW8IH7H5, ( Barnes-Jewish West County Hospital: Emergency Room; 12634 Olive Blvd),32SCWG5HIH47HD2RUGKCJI8CDCY6PH,277.0,greater than or equal to 5
3CVBMEMMXBGWLCKE4BCXR3BW8IH7H5, ( Barnes-Jewish West County Hospital: Emergency Room; 12634 Olive Blvd),3WJEQKOXA825NNVSZRQYYRS06GB1AT,108.0,less than 5
3CVBMEMMXBGWLCKE4BCXR3BW8IH7H5, ( Barnes-Jewish West County Hospital: Emergency Room; 12634 Olive Blvd),34J10VATJFY8A9Y7WU8QGQORR07IQ8,440.0,less than 5
3CVBMEMMXBGWLCKE4BCXR3BW8IH7H5, ( Barnes-Jewish West County Hospital: Emergency Room; 12634 Olive Blvd),3907X2AHF05JZCJQ7E89T5R0X81P2Q,61.0,greater than or equal to 5
3CVBMEMMXBGWLCKE4BCXR3BW8IH7H5, ( Barnes-Jewish West County Hospital: Emergency Room; 12634 Olive Blvd),3GU1KF0O4I1DNPJMQ71KUYU4RFIPBY,55.0,greater than or equal to 5
3CVBMEMMXBGWLCKE4BCXR3BW8IH7H5, ( Barnes-Jewish West County Hospital: Emergency Room; 12634 Olive Blvd),3LEP4MGT3G04YSGWLYAPU4DFDWPDBI,372.0,less than 5
3NOEP8XAU42ID8OT51O0UBQBW25XPU, ( Barnes-Jewish Hospital; 1 Barnes-Jewish Hospital Plaza),35GCEFQ6I5O2YYHFYNKG3DY6DK9Z3V,82.0,greater than or equal to 5
3NOEP8XAU42ID8OT51O0UBQBW25XPU, ( Barnes-Jewish Hospital; 1 Barnes-Jewish Hospital Plaza),3PXX5PX6LXY60LDK1OJN4359SRGBAY,61.0,greater than or equal to 5
3NOEP8XAU42ID8OT51O0UBQBW25XPU, ( Barnes-Jewish Hospital; 1 Barnes-Jewish Hospital Plaza),3F0BG9B9MPNKUR8X4DLN2N1KCSFY7W,104.0,greater than or equal to 5
3NOEP8XAU42ID8OT51O0UBQBW25XPU, ( Barnes-Jewish Hospital; 1 Barnes-Jewish Hospital Plaza),3K2755HG5S3UB9SCQ0WLDU40SSTDF8,912.0,greater than or equal to 5
3NOEP8XAU42ID8OT51O0UBQBW25XPU, ( Barnes-Jewish Hospital; 1 Barnes-Jewish Hospital Plaza),3WEV0KO0OMS3FEXYWKWKKTNFHINSD6,56.0,greater than or equal to 5
3NOEP8XAU42ID8OT51O0UBQBW25XPU, ( Barnes-Jewish Hospital; 1 Barnes-Jewish Hospital Plaza),3WJ1OXY92AGNYNFDYCZDD1F8KMH8AK,71.0,greater than or equal to 5
3NOEP8XAU42ID8OT51O0UBQBW25XPU, ( Barnes-Jewish Hospital; 1 Barnes-Jewish Hospital Plaza),3UWN2HHPUY5C1QOBLEANGYZ9VNSSNT,408.0,greater than or equal to 5
3NOEP8XAU42ID8OT51O0UBQBW25XPU, ( Barnes-Jewish Hospital; 1 Barnes-Jewish Hospital Plaza),34QN5IT0TZRRXAHV6A2KOV3VB1J809,256.0,greater than or equal to 5
3NOEP8XAU42ID8OT51O0UBQBW25XPU, ( Barnes-Jewish Hospital; 1 Barnes-Jewish Hospital Plaza),3E7TUJ2EGCMLAZ1ZNEWT3YIPPWM9D4,47.0,greater than or equal to 5
341YLJU21IZPV6YS4HDNVOV3XFA2ID, ( Comprehensive Behavioral Health Center of St. Clair County; 505 S 8th St),3PZDLQMM0TL05NAM29M395STYOOC2Z,34.0,less than 5
341YLJU21IZPV6YS4HDNVOV3XFA2ID, ( Comprehensive Behavioral Health Center of St. Clair County; 505 S 8th St),3LYA37P8IQNCCYM6DFWCYH85X3KKBW,290.0,less than 5
341YLJU21IZPV6YS4HDNVOV3XFA2ID, ( Comprehensive Behavioral Health Center of St. Clair County; 505 S 8th St),39L1G8WVWQR532W7QCBOBJEU05K13W,502.0,less than 5
341YLJU21IZPV6YS4HDNVOV3XFA2ID, ( Comprehensive Behavioral Health Center of St. Clair County; 505 S 8th St),3QAPZX2QN4DGBVF6QTTJE4QSPZG20L,14.0,less than 5
341YLJU21IZPV6YS4HDNVOV3XFA2ID, ( Comprehensive Behavioral Health Center of St. Clair County; 505 S 8th St),3SB4CE2TJVVDDOGL6KB5T0W1BVPAXT,178.0,less than 5
341YLJU21IZPV6YS4HDNVOV3XFA2ID, ( Comprehensive Behavioral Health Center of St. Clair County; 505 S 8th St),3LEP4MGT3G04YSGWLYAPU4DFDV2BDR,110.0,less than 5
341YLJU21IZPV6YS4HDNVOV3XFA2ID, ( Comprehensive Behavioral Health Center of St. Clair County; 505 S 8th St),3TPZPLC3M0C8KUF9BEMECFWS3N8P3A,144.0,less than 5
341YLJU21IZPV6YS4HDNVOV3XFA2ID, ( Comprehensive Behavioral Health Center of St. Clair County; 505 S 8th St),3QILPRALQ5VUI6927G4IZ7Z8JU0N85,59.0,less than 5
3ULIZ0H1VA56UXLHETUF1WHT0NQ51P, ( Washington University-Child and Adolescent Psychiatry Center; 4444 Forest Park Ave),3YJ6NA41JBGJ58HYEZE1SMDHZIOPJC,46.0,less than 5
3ULIZ0H1VA56UXLHETUF1WHT0NQ51P, ( Washington University-Child and Adolescent Psychiatry Center; 4444 Forest Park Ave),34J10VATJFY8A9Y7WU8QGQORRZ9QIG,143.0,greater than or equal to 5
3ULIZ0H1VA56UXLHETUF1WHT0NQ51P, ( Washington University-Child and Adolescent Psychiatry Center; 4444 Forest Park Ave),3C8HJ7UOP7U3KKPP45PVZC7CDBFMZN,68.0,greater than or equal to 5
3ULIZ0H1VA56UXLHETUF1WHT0NQ51P, ( Washington University-Child and Adolescent Psychiatry Center; 4444 Forest Park Ave),30BUDKLTXDV71IDNGJUWX0V83BEE5J,453.0,greater than or equal to 5
3ULIZ0H1VA56UXLHETUF1WHT0NQ51P, ( Washington University-Child and Adolescent Psychiatry Center; 4444 Forest Park Ave),3SITXWYCNV9IWYLDCYB1OBG7TEVXBY,39.0,greater than or equal to 5
3ULIZ0H1VA56UXLHETUF1WHT0NQ51P, ( Washington University-Child and Adolescent Psychiatry Center; 4444 Forest Park Ave),39GXDJN2OTE7QBIB97Q99OTL5X88VD,639.0,greater than or equal to 5
3ULIZ0H1VA56UXLHETUF1WHT0NQ51P, ( Washington University-Child and Adolescent Psychiatry Center; 4444 Forest Park Ave),3XLBSAQ9Z4CKZHI20ZN6GUAMIO7Z7G,276.0,greater than or equal to 5
3ULIZ0H1VA56UXLHETUF1WHT0NQ51P, ( Washington University-Child and Adolescent Psychiatry Center; 4444 Forest Park Ave),34J10VATJFY8A9Y7WU8QGQORR1YIQ1,137.0,greater than or equal to 5
3ULIZ0H1VA56UXLHETUF1WHT0NQ51P, ( Washington University-Child and Adolescent Psychiatry Center; 4444 Forest Park Ave),3DEL4X4EL6LE96EOMQPLWME8ENKYXL,51.0,greater than or equal to 5
3YCT0L9OMM9AE6QHVC5LRE4OH82SNL, ( Kindred Hospital St. Louis; 4930 Lindell Blvd),3WYGZ5XF3WFBTK38O1I7O6I51QUSKR,59.0,less than 5
3YCT0L9OMM9AE6QHVC5LRE4OH82SNL, ( Kindred Hospital St. Louis; 4930 Lindell Blvd),3C8HJ7UOP7U3KKPP45PVZC7CDAPMZV,457.0,less than 5
3YCT0L9OMM9AE6QHVC5LRE4OH82SNL, ( Kindred Hospital St. Louis; 4930 Lindell Blvd),3OWEPKL089CQIS4JXBCCL73D88YN7I,281.0,less than 5
3YCT0L9OMM9AE6QHVC5LRE4OH82SNL, ( Kindred Hospital St. Louis; 4930 Lindell Blvd),34MAJL3QP4NMV1TQDUUQ9HLXCPV34C,336.0,less than 5
3YCT0L9OMM9AE6QHVC5LRE4OH82SNL, ( Kindred Hospital St. Louis; 4930 Lindell Blvd),3X3OR7WPZZ04U66HV3O3MFVJEXIL8F,67.0,less than 5
3YCT0L9OMM9AE6QHVC5LRE4OH82SNL, ( Kindred Hospital St. Louis; 4930 Lindell Blvd),3VP0C6EFSGW1WA5E20SK2EEH89X6MZ,112.0,greater than or equal to 5
3YCT0L9OMM9AE6QHVC5LRE4OH82SNL, ( Kindred Hospital St. Louis; 4930 Lindell Blvd),35L9RVQFCOI067U47LAAQFK1U9OUHO,27.0,less than 5
3YCT0L9OMM9AE6QHVC5LRE4OH82SNL, ( Kindred Hospital St. Louis; 4930 Lindell Blvd),38F5OAUN5NCY8WI8UDHZGN6HMYRH79,485.0,less than 5
3YCT0L9OMM9AE6QHVC5LRE4OH82SNL, ( Kindred Hospital St. Louis; 4930 Lindell Blvd),3NVC2EB65QZ2T87A21IXP6P47SK3YR,30.0,greater than or equal to 5
3JMQI2OLFZ54CH7ZYMAWWFIOG5SNDM, ( SSM Health Saint Louis University Hospital; 3635 Vista Ave),378XPAWRUCDGNTRQ7YB4QQ9MNHZIAD,65.0,greater than or equal to 5
3JMQI2OLFZ54CH7ZYMAWWFIOG5SNDM, ( SSM Health Saint Louis University Hospital; 3635 Vista Ave),3CPLWGV3MOZUWBSCC8AWZ3UJ3Y0N98,24.0,greater than or equal to 5
3JMQI2OLFZ54CH7ZYMAWWFIOG5SNDM, ( SSM Health Saint Louis University Hospital; 3635 Vista Ave),34X6J5FLPTY45KIDECTQSR3R4GHQJF,53.0,greater than or equal to 5
3JMQI2OLFZ54CH7ZYMAWWFIOG5SNDM, ( SSM Health Saint Louis University Hospital; 3635 Vista Ave),352YTHGROVD1P90PSFJSDBM7VW1H4P,144.0,greater than or equal to 5
3JMQI2OLFZ54CH7ZYMAWWFIOG5SNDM, ( SSM Health Saint Louis University Hospital; 3635 Vista Ave),3UXUOQ9OKEXJY9AUO777Z1JD9337AQ,16.0,greater than or equal to 5
3JMQI2OLFZ54CH7ZYMAWWFIOG5SNDM, ( SSM Health Saint Louis University Hospital; 3635 Vista Ave),384PI804XS19GUW4K88P5M3WNV3S06,88.0,greater than or equal to 5
3JMQI2OLFZ54CH7ZYMAWWFIOG5SNDM, ( SSM Health Saint Louis University Hospital; 3635 Vista Ave),3UJ1CZ6IZHP8B1I5HEE1MHZN43QS53,51.0,less than 5
3JMQI2OLFZ54CH7ZYMAWWFIOG5SNDM, ( SSM Health Saint Louis University Hospital; 3635 Vista Ave),3DH6GAKTYYP3E1E3N8D6T7UJMNWZYX,261.0,greater than or equal to 5
3H6W48L9F4P3O8J3VWSESSC4N0ZPWT, ( Care at St. Alexius; 3535 Jefferson Ave #2),352YTHGROVD1P90PSFJSDBM7VUOH48,161.0,less than 5
3H6W48L9F4P3O8J3VWSESSC4N0ZPWT, ( Care at St. Alexius; 3535 Jefferson Ave #2),3FDJT1UU748ANI5XC55ZVV8DN7O5K6,72.0,less than 5
3H6W48L9F4P3O8J3VWSESSC4N0ZPWT, ( Care at St. Alexius; 3535 Jefferson Ave #2),3V26SBZTBDE3JRO8JUFP7E3LSFXZZH,38.0,less than 5
3H6W48L9F4P3O8J3VWSESSC4N0ZPWT, ( Care at St. Alexius; 3535 Jefferson Ave #2),32Z9ZLUT1LK5T2A7BZY1R9SCCMNHOJ,487.0,less than 5
3H6W48L9F4P3O8J3VWSESSC4N0ZPWT, ( Care at St. Alexius; 3535 Jefferson Ave #2),35K3O9HUABDZ3F6CMV75JCMLS6IEFU,11.0,greater than or equal to 5
3H6W48L9F4P3O8J3VWSESSC4N0ZPWT, ( Care at St. Alexius; 3535 Jefferson Ave #2),3SKRO2GZ71RBZ04EBI3NS5VWBTW1K1,146.0,greater than or equal to 5
3H6W48L9F4P3O8J3VWSESSC4N0ZPWT, ( Care at St. Alexius; 3535 Jefferson Ave #2),3NQL1CS15R8M5H9TMBO381HNYCCYVI,22.0,greater than or equal to 5
3H6W48L9F4P3O8J3VWSESSC4N0ZPWT, ( Care at St. Alexius; 3535 Jefferson Ave #2),34PGFRQONOB9PHEZQLSWKGLDSH5WJW,22.0,less than 5
3H6W48L9F4P3O8J3VWSESSC4N0ZPWT, ( Care at St. Alexius; 3535 Jefferson Ave #2),30LB5CDZNCA6H6IIF02X1F0ZAA3Z0I,751.0,less than 5
34F34TZU7WZLQHIYMZYN7PA3AUZ2JP, ( The Rehabilitation Institute of St. Louis - Central West End; 4455 duncan ave),3O6CYIULED1I3XPT2KWARIUO9UOWU7,83.0,less than 5
34F34TZU7WZLQHIYMZYN7PA3AUZ2JP, ( The Rehabilitation Institute of St. Louis - Central West End; 4455 duncan ave),31IBVUNM9SZG5QSYHLWFJGA7SZDFVP,84.0,less than 5
34F34TZU7WZLQHIYMZYN7PA3AUZ2JP, ( The Rehabilitation Institute of St. Louis - Central West End; 4455 duncan ave),3PEIJLRY6TTAK1JO7P7XBPTS3DVWXR,26.0,less than 5
34F34TZU7WZLQHIYMZYN7PA3AUZ2JP, ( The Rehabilitation Institute of St. Louis - Central West End; 4455 duncan ave),3KYQYYSHYV7OHM55P3FB0ODEKV2ODR,31.0,greater than or equal to 5
34F34TZU7WZLQHIYMZYN7PA3AUZ2JP, ( The Rehabilitation Institute of St. Louis - Central West End; 4455 duncan ave),3LEIZ60CDJZOD06VFWLQUQ1SDEVZ9S,246.0,less than 5
34F34TZU7WZLQHIYMZYN7PA3AUZ2JP, ( The Rehabilitation Institute of St. Louis - Central West End; 4455 duncan ave),30BXRYBRP4XDYBJ92LPB835YFP1WHR,21.0,greater than or equal to 5
34F34TZU7WZLQHIYMZYN7PA3AUZ2JP, ( The Rehabilitation Institute of St. Louis - Central West End; 4455 duncan ave),3PB5A5BD0V6K80NXA7ZHVNUG7YG7G2,33.0,greater than or equal to 5
34F34TZU7WZLQHIYMZYN7PA3AUZ2JP, ( The Rehabilitation Institute of St. Louis - Central West End; 4455 duncan ave),3KKG4CDWKIY8A3I6U3V00UOJCJV49O,184.0,less than 5
3AC6MFV69KIF5MQKN64GIN4VIBTZHO, ( St. Luke's Physician Referral; 232 S Woods Mill Rd),3Z9WI9EOZZOM3BPSD768KSB3SFCHKU,132.0,less than 5
3AC6MFV69KIF5MQKN64GIN4VIBTZHO, ( St. Luke's Physician Referral; 232 S Woods Mill Rd),317HQ483I7SN7CLFG2G9CWTMMOYINX,31.0,greater than or equal to 5
3AC6MFV69KIF5MQKN64GIN4VIBTZHO, ( St. Luke's Physician Referral; 232 S Woods Mill Rd),3COPXFW7XBCEGSNGWKEDT1DUE7OPKB,95.0,greater than or equal to 5
3AC6MFV69KIF5MQKN64GIN4VIBTZHO, ( St. Luke's Physician Referral; 232 S Woods Mill Rd),35BLDD71I6XMA7JYIXQMM8QP44RZVH,14.0,greater than or equal to 5
3AC6MFV69KIF5MQKN64GIN4VIBTZHO, ( St. Luke's Physician Referral; 232 S Woods Mill Rd),3IUZPWIU1O7401KH86S8LVLQ74QKW0,21.0,greater than or equal to 5
3AC6MFV69KIF5MQKN64GIN4VIBTZHO, ( St. Luke's Physician Referral; 232 S Woods Mill Rd),3E1QT0TDFP9245YBA0RQUZ3RXV3I8H,197.0,greater than or equal to 5
3AC6MFV69KIF5MQKN64GIN4VIBTZHO, ( St. Luke's Physician Referral; 232 S Woods Mill Rd),3VHP9MDGRNKK6HMYQ41ATOMI7U5CFZ,27.0,greater than or equal to 5
3AC6MFV69KIF5MQKN64GIN4VIBTZHO, ( St. Luke's Physician Referral; 232 S Woods Mill Rd),35DR22AR5DKDT3H0X5WV6SIV5MNX3C,503.0,greater than or equal to 5
3AC6MFV69KIF5MQKN64GIN4VIBTZHO, ( St. Luke's Physician Referral; 232 S Woods Mill Rd),3Z7VU45IPYH6OV30BJ6XFKJ9F29Z1L,15.0,greater than or equal to 5
3G57RS03HH5DJI3DXXUT6FRYST4526, ( BJC Central Medical Group; 4921 Parkview Pl Suite 14a),3N1FSUEFL50KDTVN6J02MQ7931U4DJ,98.0,greater than or equal to 5
3G57RS03HH5DJI3DXXUT6FRYST4526, ( BJC Central Medical Group; 4921 Parkview Pl Suite 14a),3K2755HG5S3UB9SCQ0WLDU40SSTFDA,28.0,greater than or equal to 5
3G57RS03HH5DJI3DXXUT6FRYST4526, ( BJC Central Medical Group; 4921 Parkview Pl Suite 14a),3K3R2QNK8B37R1CL99MIDYMDBVXU9D,572.0,greater than or equal to 5
3G57RS03HH5DJI3DXXUT6FRYST4526, ( BJC Central Medical Group; 4921 Parkview Pl Suite 14a),3JAOYWH7VI448BPR0VUHMBQUY5C9L8,178.0,greater than or equal to 5
3G57RS03HH5DJI3DXXUT6FRYST4526, ( BJC Central Medical Group; 4921 Parkview Pl Suite 14a),38BQUHLA9W0RLGBI2WEEJE08T9ZOME,119.0,greater than or equal to 5
3G57RS03HH5DJI3DXXUT6FRYST4526, ( BJC Central Medical Group; 4921 Parkview Pl Suite 14a),31T4R4OBOSG7RO7S8L3Y5W9196OC7X,20.0,greater than or equal to 5
3G57RS03HH5DJI3DXXUT6FRYST4526, ( BJC Central Medical Group; 4921 Parkview Pl Suite 14a),3XUHV3NRVKYJLS4P6K22I3SLVSYH5W,75.0,greater than or equal to 5
3G57RS03HH5DJI3DXXUT6FRYST4526, ( BJC Central Medical Group; 4921 Parkview Pl Suite 14a),37U1UTWH9VMFX41U0NLZ8R4IKR08RP,185.0,greater than or equal to 5
3G57RS03HH5DJI3DXXUT6FRYST4526, ( BJC Central Medical Group; 4921 Parkview Pl Suite 14a),3ERET4BTVM9TO579FVIG7BDF95WK95,45.0,greater than or equal to 5
38XPGNCKHT04KQXF72VU3SIVPV1V4Y, ( Metropolitan St. Louis Psychiatric Center; 5351 Delmar Blvd),3Y4W8Q93LZKJ76E2QF1PVG7MGMSDV7,43.0,less than 5
38XPGNCKHT04KQXF72VU3SIVPV1V4Y, ( Metropolitan St. Louis Psychiatric Center; 5351 Delmar Blvd),3TXD01ZLD4H6UV69SEQRWQBXP2R4UX,92.0,less than 5
38XPGNCKHT04KQXF72VU3SIVPV1V4Y, ( Metropolitan St. Louis Psychiatric Center; 5351 Delmar Blvd),3EJJQNKU9R58QF2N3RF5L4XHN8XHRG,36.0,less than 5
38XPGNCKHT04KQXF72VU3SIVPV1V4Y, ( Metropolitan St. Louis Psychiatric Center; 5351 Delmar Blvd),3F6KKYWMNB16Z15TOOFYLZD9ULRDNV,149.0,less than 5
38XPGNCKHT04KQXF72VU3SIVPV1V4Y, ( Metropolitan St. Louis Psychiatric Center; 5351 Delmar Blvd),3DY4FPOOA1OD8GX78GW905OQVPXRV9,21.0,greater than or equal to 5
38XPGNCKHT04KQXF72VU3SIVPV1V4Y, ( Metropolitan St. Louis Psychiatric Center; 5351 Delmar Blvd),3DQQ64TANGL5BSHXLYXGHC7P1GBWPW,20.0,less than 5
38XPGNCKHT04KQXF72VU3SIVPV1V4Y, ( Metropolitan St. Louis Psychiatric Center; 5351 Delmar Blvd),3WI0P0II61SREZXLHVWFUJIJVIWDRZ,618.0,less than 5
38XPGNCKHT04KQXF72VU3SIVPV1V4Y, ( Metropolitan St. Louis Psychiatric Center; 5351 Delmar Blvd),3TUI152ZZBNXA329ONNKOR75AZ11Q6,30.0,less than 5
38XPGNCKHT04KQXF72VU3SIVPV1V4Y, ( Metropolitan St. Louis Psychiatric Center; 5351 Delmar Blvd),32UTUBMZ7GWQS9GICJAJ0QJMD38VBE,65.0,less than 5
334ZEL5JX6FSWRQTWR5Y634T7I7SO0, ( Saint Louis Children's Hospital; 1 Childrens Pl),3YMTUJH0DSGRUIRKS90HRUPV6OJT4U,44.0,greater than or equal to 5
334ZEL5JX6FSWRQTWR5Y634T7I7SO0, ( Saint Louis Children's Hospital; 1 Childrens Pl),3X1FV8S5JXRMJQOTS52X11AJTE9GVL,64.0,greater than or equal to 5
334ZEL5JX6FSWRQTWR5Y634T7I7SO0, ( Saint Louis Children's Hospital; 1 Childrens Pl),304SM51WA34A0HZEIO5EP3ZFEXSSBG,354.0,greater than or equal to 5
334ZEL5JX6FSWRQTWR5Y634T7I7SO0, ( Saint Louis Children's Hospital; 1 Childrens Pl),382M9COHEHFOMX32HK245CNO2R9UEH,24.0,greater than or equal to 5
334ZEL5JX6FSWRQTWR5Y634T7I7SO0, ( Saint Louis Children's Hospital; 1 Childrens Pl),30BXRYBRP4XDYBJ92LPB835YFOUHW3,150.0,greater than or equal to 5
334ZEL5JX6FSWRQTWR5Y634T7I7SO0, ( Saint Louis Children's Hospital; 1 Childrens Pl),3DBQWDE4Y6YBVOQ09IXFNNPHH4W5NI,227.0,greater than or equal to 5
334ZEL5JX6FSWRQTWR5Y634T7I7SO0, ( Saint Louis Children's Hospital; 1 Childrens Pl),3LEIZ60CDJZOD06VFWLQUQ1SDEW9Z3,71.0,less than 5
334ZEL5JX6FSWRQTWR5Y634T7I7SO0, ( Saint Louis Children's Hospital; 1 Childrens Pl),3HMIGG0U4L6OU5DGEIDTGNXFNEC8YO,1162.0,greater than or equal to 5
334ZEL5JX6FSWRQTWR5Y634T7I7SO0, ( Saint Louis Children's Hospital; 1 Childrens Pl),35DR22AR5DKDT3H0X5WV6SIV5MQ3XL,120.0,greater than or equal to 5
344M16OZKIF94NLZUHLG2X09GHTNEF, ( VA Team 2 Clinic; 2727 Washington Ave),33CID57104TIT90BJMT7VYN8YB23LH,65.0,less than 5
344M16OZKIF94NLZUHLG2X09GHTNEF, ( VA Team 2 Clinic; 2727 Washington Ave),3GFK2QRXX9H1IIZE1JO2J628AEX5W2,80.0,less than 5
344M16OZKIF94NLZUHLG2X09GHTNEF, ( VA Team 2 Clinic; 2727 Washington Ave),3M23Y66PO274U5IJMXO6ENDN0WGS6U,174.0,less than 5
344M16OZKIF94NLZUHLG2X09GHTNEF, ( VA Team 2 Clinic; 2727 Washington Ave),35USIKEBNRG7ESQEE17KFT3HDXSN6X,20.0,greater than or equal to 5
344M16OZKIF94NLZUHLG2X09GHTNEF, ( VA Team 2 Clinic; 2727 Washington Ave),32SVAV9L3F91XQ97MV4HMK7X4ZW3AS,61.0,greater than or equal to 5
344M16OZKIF94NLZUHLG2X09GHTNEF, ( VA Team 2 Clinic; 2727 Washington Ave),3YT88D1N08Y793ITYMH6GYAT9CM3K5,96.0,greater than or equal to 5
344M16OZKIF94NLZUHLG2X09GHTNEF, ( VA Team 2 Clinic; 2727 Washington Ave),38SKSKU7R1XXJCIU4P0UZ4PXHV5IL6,57.0,greater than or equal to 5
344M16OZKIF94NLZUHLG2X09GHTNEF, ( VA Team 2 Clinic; 2727 Washington Ave),3DR23U6WE5E9MKODHFCU0G1MJFPTEG,1025.0,less than 5
344M16OZKIF94NLZUHLG2X09GHTNEF, ( VA Team 2 Clinic; 2727 Washington Ave),37TD41K0AH9TAMRKWO190N5XWKZCSI,363.0,less than 5
3GVPRXWRPHUWH7VYATUIRFCB8VW7IY, ( Mercy Hospital St. Louis; 615 S New Ballas Rd),3VSOLARPKB9NS7Z2UPQHQPWDYHK39J,52.0,greater than or equal to 5
3GVPRXWRPHUWH7VYATUIRFCB8VW7IY, ( Mercy Hospital St. Louis; 615 S New Ballas Rd),3WI0P0II61SREZXLHVWFUJIJVGQDRP,133.0,greater than or equal to 5
3GVPRXWRPHUWH7VYATUIRFCB8VW7IY, ( Mercy Hospital St. Louis; 615 S New Ballas Rd),3L0KT67Y8EG6DPSPSGJYXEXGZ6TSYE,29.0,greater than or equal to 5
3GVPRXWRPHUWH7VYATUIRFCB8VW7IY, ( Mercy Hospital St. Louis; 615 S New Ballas Rd),39PAAFCODM0QOVAZC5140KP8JAKVTG,115.0,greater than or equal to 5
3GVPRXWRPHUWH7VYATUIRFCB8VW7IY, ( Mercy Hospital St. Louis; 615 S New Ballas Rd),35GCEFQ6I5O2YYHFYNKG3DY6DMO3ZI,17.0,greater than or equal to 5
3GVPRXWRPHUWH7VYATUIRFCB8VW7IY, ( Mercy Hospital St. Louis; 615 S New Ballas Rd),3ZPPDN2SLVWQ25FZJ97D9G0AP8PE94,143.0,greater than or equal to 5
3GVPRXWRPHUWH7VYATUIRFCB8VW7IY, ( Mercy Hospital St. Louis; 615 S New Ballas Rd),3ZWFC4W1UU7OCJBH81R5IJL47VCRFO,646.0,greater than or equal to 5
3GVPRXWRPHUWH7VYATUIRFCB8VW7IY, ( Mercy Hospital St. Louis; 615 S New Ballas Rd),392CY0QWG1R1L4B9YX1DDNNMV9TI4W,36.0,greater than or equal to 5
3T2EL38U0MK3DKP85E3PUGGL1YRXQL, ( Barnes-Jewish Center for Advanced Medicine - South County; 5201 Midamerica Pl),3Y4W8Q93LZKJ76E2QF1PVG7MGMSVDP,36.0,less than 5
3T2EL38U0MK3DKP85E3PUGGL1YRXQL, ( Barnes-Jewish Center for Advanced Medicine - South County; 5201 Midamerica Pl),3YOH7BII097RLCKCIWNCZT2C0VVKVX,84.0,less than 5
3T2EL38U0MK3DKP85E3PUGGL1YRXQL, ( Barnes-Jewish Center for Advanced Medicine - South County; 5201 Midamerica Pl),3CCZ6YKWR7JQ6MM688EA5MUXCDL59L,24.0,less than 5
3T2EL38U0MK3DKP85E3PUGGL1YRXQL, ( Barnes-Jewish Center for Advanced Medicine - South County; 5201 Midamerica Pl),3ND9UOO81K2FK72ZT6490VY5W4LWL5,15.0,less than 5
3T2EL38U0MK3DKP85E3PUGGL1YRXQL, ( Barnes-Jewish Center for Advanced Medicine - South County; 5201 Midamerica Pl),3EJJQNKU9R58QF2N3RF5L4XHNA8RH5,142.0,less than 5
3T2EL38U0MK3DKP85E3PUGGL1YRXQL, ( Barnes-Jewish Center for Advanced Medicine - South County; 5201 Midamerica Pl),3ZOTGHDK5IBUJBONMTA0VNZELYIOSR,35.0,less than 5
3T2EL38U0MK3DKP85E3PUGGL1YRXQL, ( Barnes-Jewish Center for Advanced Medicine - South County; 5201 Midamerica Pl),3YGXWBAF70HA81P96N5R2KPRI4YC4D,24.0,greater than or equal to 5
3T2EL38U0MK3DKP85E3PUGGL1YRXQL, ( Barnes-Jewish Center for Advanced Medicine - South County; 5201 Midamerica Pl),3NAPMVF0ZWFUT6FQBSESTJ0FXFB72J,844.0,less than 5
30UZJB2POHC240ZW1X8YPPWQY7453H, ( Mercy Rehabilitation Hospital St. Louis; 14561 N. Outer 40 rd.),3NC5L260MOMLF6J1G9A1OOGZW6COFS,51.0,less than 5
30UZJB2POHC240ZW1X8YPPWQY7453H, ( Mercy Rehabilitation Hospital St. Louis; 14561 N. Outer 40 rd.),3QFUFYSY9YFHBD9JXPVSAQAUFFY4FK,12.0,less than 5
30UZJB2POHC240ZW1X8YPPWQY7453H, ( Mercy Rehabilitation Hospital St. Louis; 14561 N. Outer 40 rd.),3J2UYBXQQLC4TWY7DV5M4H7454G604,57.0,less than 5
30UZJB2POHC240ZW1X8YPPWQY7453H, ( Mercy Rehabilitation Hospital St. Louis; 14561 N. Outer 40 rd.),3UJ1CZ6IZHP8B1I5HEE1MHZN41PS5Y,10.0,less than 5
30UZJB2POHC240ZW1X8YPPWQY7453H, ( Mercy Rehabilitation Hospital St. Louis; 14561 N. Outer 40 rd.),3R2PKQ87NW8HPU0F4119ZH4MHZZMIE,369.0,less than 5
30UZJB2POHC240ZW1X8YPPWQY7453H, ( Mercy Rehabilitation Hospital St. Louis; 14561 N. Outer 40 rd.),3LEIZ60CDJZOD06VFWLQUQ1SDENZ9K,94.0,less than 5
30UZJB2POHC240ZW1X8YPPWQY7453H, ( Mercy Rehabilitation Hospital St. Louis; 14561 N. Outer 40 rd.),3LOZAJ85YDDO8LLHT5IQNID3Z8OX22,53.0,less than 5
30UZJB2POHC240ZW1X8YPPWQY7453H, ( Mercy Rehabilitation Hospital St. Louis; 14561 N. Outer 40 rd.),32EYX73OY09DV1873QM44JM7HIOURN,19.0,greater than or equal to 5
30UZJB2POHC240ZW1X8YPPWQY7453H, ( Mercy Rehabilitation Hospital St. Louis; 14561 N. Outer 40 rd.),3WMINLGALB3PAQ5QFOFIFNBRAEUCAO,31.0,greater than or equal to 5
3VADEH0UHCXAHR2UBRIDV39JHN3SPH, ( Heart and Vascular Center- Center for Advanced Medicine;4918 Forest Park Ave),37Q970SNZE89NJHMGRCPJRM6SLV1S0,35.0,greater than or equal to 5
3VADEH0UHCXAHR2UBRIDV39JHN3SPH, ( Heart and Vascular Center- Center for Advanced Medicine;4918 Forest Park Ave),3X1FV8S5JXRMJQOTS52X11AJTEWVGN,120.0,less than 5
3VADEH0UHCXAHR2UBRIDV39JHN3SPH, ( Heart and Vascular Center- Center for Advanced Medicine;4918 Forest Park Ave),3LKC68YZ3A3NQS5W6YK1SC2ZR9QWOM,32.0,greater than or equal to 5
3VADEH0UHCXAHR2UBRIDV39JHN3SPH, ( Heart and Vascular Center- Center for Advanced Medicine;4918 Forest Park Ave),30H4UDGLT2I96GNJHWRT8E5Y3EKMPI,141.0,greater than or equal to 5
3VADEH0UHCXAHR2UBRIDV39JHN3SPH, ( Heart and Vascular Center- Center for Advanced Medicine;4918 Forest Park Ave),3Z9WI9EOZZOM3BPSD768KSB3SIRHKF,117.0,greater than or equal to 5
3VADEH0UHCXAHR2UBRIDV39JHN3SPH, ( Heart and Vascular Center- Center for Advanced Medicine;4918 Forest Park Ave),3R6BYFZZP7C89FXTH0XX717S8CTXFM,403.0,greater than or equal to 5
3VADEH0UHCXAHR2UBRIDV39JHN3SPH, ( Heart and Vascular Center- Center for Advanced Medicine;4918 Forest Park Ave),3Z4AIRP3C6DHJ03LA1ICIZ3Y72C1XR,25.0,greater than or equal to 5
3VADEH0UHCXAHR2UBRIDV39JHN3SPH, ( Heart and Vascular Center- Center for Advanced Medicine;4918 Forest Park Ave),3Z7VU45IPYH6OV30BJ6XFKJ9F2A1ZO,20.0,greater than or equal to 5
3NOEP8XAU42ID8OT51O0UBQBW25PXM, ( Barnes-Jewish Psychiatric Support Center;5355 Delmar Blvd),32EYX73OY09DV1873QM44JM7HGARU2,34.0,less than 5
3NOEP8XAU42ID8OT51O0UBQBW25PXM, ( Barnes-Jewish Psychiatric Support Center;5355 Delmar Blvd),3YJ6NA41JBGJ58HYEZE1SMDHZIPJP7,74.0,less than 5
3NOEP8XAU42ID8OT51O0UBQBW25PXM, ( Barnes-Jewish Psychiatric Support Center;5355 Delmar Blvd),39U1BHVTDLR6CM8GSVVYHPXPSOY3TU,321.0,less than 5
3NOEP8XAU42ID8OT51O0UBQBW25PXM, ( Barnes-Jewish Psychiatric Support Center;5355 Delmar Blvd),3Y9N9SS8LYBZVXCJ65VJCLF3P2ND3Y,82.0,less than 5
3NOEP8XAU42ID8OT51O0UBQBW25PXM, ( Barnes-Jewish Psychiatric Support Center;5355 Delmar Blvd),3YHH42UU5BFMCH1E0ZBOT0P1VZ6L0S,130.0,less than 5
3NOEP8XAU42ID8OT51O0UBQBW25PXM, ( Barnes-Jewish Psychiatric Support Center;5355 Delmar Blvd),3LKC68YZ3A3NQS5W6YK1SC2ZR9SOWG,47.0,greater than or equal to 5
3NOEP8XAU42ID8OT51O0UBQBW25PXM, ( Barnes-Jewish Psychiatric Support Center;5355 Delmar Blvd),3FDJT1UU748ANI5XC55ZVV8DN9S5KE,143.0,less than 5
3NOEP8XAU42ID8OT51O0UBQBW25PXM, ( Barnes-Jewish Psychiatric Support Center;5355 Delmar Blvd),37UEWGM5HT8XM4H912CKTHHA6LR1RV,52.0,less than 5
372AGES0I453PL48ITSPZ6QQXKTXRM, ( Affinia Healthcare; 6763 Page Ave),3IGI0VL647KX3YWIEXTEWTP8YXXNOX,62.0,less than 5
372AGES0I453PL48ITSPZ6QQXKTXRM, ( Affinia Healthcare; 6763 Page Ave),3JWH6J9I9SDDK479ASOSQ9P9RYFBNI,34.0,less than 5
372AGES0I453PL48ITSPZ6QQXKTXRM, ( Affinia Healthcare; 6763 Page Ave),3OHYZ19UGC5QJF2T5TO9AN58ZQNAOP,65.0,less than 5
372AGES0I453PL48ITSPZ6QQXKTXRM, ( Affinia Healthcare; 6763 Page Ave),30H4UDGLT2I96GNJHWRT8E5Y3C8MP2,48.0,less than 5
372AGES0I453PL48ITSPZ6QQXKTXRM, ( Affinia Healthcare; 6763 Page Ave),3R2UR8A0IAG2FSAMG3GNUVG60BXOX8,136.0,less than 5
372AGES0I453PL48ITSPZ6QQXKTXRM, ( Affinia Healthcare; 6763 Page Ave),32XVDSJFPZXDE9MDFYGHC1X5S4RM2U,157.0,less than 5
372AGES0I453PL48ITSPZ6QQXKTXRM, ( Affinia Healthcare; 6763 Page Ave),3OHYZ19UGC5QJF2T5TO9AN58ZSAAOG,596.0,less than 5
372AGES0I453PL48ITSPZ6QQXKTXRM, ( Affinia Healthcare; 6763 Page Ave),3YW4XOSQKQLP2W9Q5W7PYS4UDKT1UX,177.0,less than 5
372AGES0I453PL48ITSPZ6QQXKTXRM, ( Affinia Healthcare; 6763 Page Ave),3Q8GYXHFEP2S4KT9KSO17CV5I0TC5I,19.0,greater than or equal to 5
