Hit Id,Hotel,Hospital,Task,Assignment Id,Assignment Status,Time Taken,workervote,supplementary,feedback
37VHPF5VYC394IEHSOQ2UCAB69IC8M,( None), ( CenterPointe Outpatient Services; 763 S New Ballas Rd),( eval_secondary_pred),3XUHV3NRVKYJLS4P6K22I3SLVLBH5V,Approved,69.0,3,"Google Street view, I couldn't find an official website.",None
37VHPF5VYC394IEHSOQ2UCAB69IC8M,( None), ( CenterPointe Outpatient Services; 763 S New Ballas Rd),( eval_secondary_pred),30IQTZXKAK6HCBI3EIEC4UKO23N0XQ,Approved,34.0,3,Google maps,None
37VHPF5VYC394IEHSOQ2UCAB69IC8M,( None), ( CenterPointe Outpatient Services; 763 S New Ballas Rd),( eval_secondary_pred),3HMVI3QICJS6J5TVFX4E1DA791N1Y0,Approved,96.0,3,google directions,web site not secure
37VHPF5VYC394IEHSOQ2UCAB69IC8M,( None), ( CenterPointe Outpatient Services; 763 S New Ballas Rd),( eval_secondary_pred),3IAEQB9FMEKWMVE7GP6LHIQ0NRUDW9,Approved,103.0,3,google streat view,"https://www.google.com/maps/@38.6399701,-90.4435999,3a,75y,268.4h,87.76t/data=!3m7!1e1!3m5!1sHxy-HzxqqzZJ0Lcg82jDKg!2e0!6s%2F%2Fgeo2.ggpht.com%2Fcbk%3Fpanoid%3DHxy-HzxqqzZJ0Lcg82jDKg%26output%3Dthumbnail%26cb_client%3Dsearch.TACTILE.gps%26thumb%3D2%26w%3D96%26h%3D64%26yaw%3D176.09996%26pitch%3D0%26thumbfov%3D100!7i13312!8i6656"
37VHPF5VYC394IEHSOQ2UCAB69IC8M,( None), ( CenterPointe Outpatient Services; 763 S New Ballas Rd),( eval_secondary_pred),3OHYZ19UGC5QJF2T5TO9AN58ZM2OAA,Approved,61.0,3,"Google map, street view.",None
37VHPF5VYC394IEHSOQ2UCAB69IC8M,( None), ( CenterPointe Outpatient Services; 763 S New Ballas Rd),( eval_secondary_pred),3NPFYT4IZC4ENFTOSK3FPM749LPXG5,Approved,167.0,2,Google photos,None
37VHPF5VYC394IEHSOQ2UCAB69IC8M,( None), ( CenterPointe Outpatient Services; 763 S New Ballas Rd),( eval_secondary_pred),3TUI152ZZBNXA329ONNKOR75ATN1QG,Approved,22.0,3,google,None
37VHPF5VYC394IEHSOQ2UCAB69IC8M,( None), ( CenterPointe Outpatient Services; 763 S New Ballas Rd),( eval_secondary_pred),358UUM7WRZ3BXQWBQITTUR8N91PR74,Approved,17.0,8,google,None
37VHPF5VYC394IEHSOQ2UCAB69IC8M,( None), ( CenterPointe Outpatient Services; 763 S New Ballas Rd),( eval_secondary_pred),3C6FJU71TQTMS2KTHLEYCFF4KZ2YUG,Approved,46.0,3,google images,None
3RIHDBQ1NEYF6FR18HEMAL8M36CHMO,( None), ( SSM Health Cardinal Glennon Pediatrics Specialty Services; 10296 Big Bend Rd #110),( eval_secondary_pred),3MAOD8E57QAKX7AAFOGAF6G1AWSXNS,Approved,78.0,2,"Google, I looked at an  image of outside the building to count the floors.",None
3RIHDBQ1NEYF6FR18HEMAL8M36CHMO,( None), ( SSM Health Cardinal Glennon Pediatrics Specialty Services; 10296 Big Bend Rd #110),( eval_secondary_pred),3K2755HG5S3UB9SCQ0WLDU40SNZDF4,Approved,130.0,2,Google Maps and Images,None
3RIHDBQ1NEYF6FR18HEMAL8M36CHMO,( None), ( SSM Health Cardinal Glennon Pediatrics Specialty Services; 10296 Big Bend Rd #110),( eval_secondary_pred),3PJUZCGDJ6G9T45866LDH64OEY7891,Approved,252.0,2,google.com and youtube.com,None
3RIHDBQ1NEYF6FR18HEMAL8M36CHMO,( None), ( SSM Health Cardinal Glennon Pediatrics Specialty Services; 10296 Big Bend Rd #110),( eval_secondary_pred),31EUONYN2V3AB35RGOF56AJLKVVOV1,Approved,38.0,2,Google maps,None
3RIHDBQ1NEYF6FR18HEMAL8M36CHMO,( None), ( SSM Health Cardinal Glennon Pediatrics Specialty Services; 10296 Big Bend Rd #110),( eval_secondary_pred),33L7PJKHCGYSDJEM4CQU865086I8TB,Approved,162.0,1,Youtube and website photos,None
3RIHDBQ1NEYF6FR18HEMAL8M36CHMO,( None), ( SSM Health Cardinal Glennon Pediatrics Specialty Services; 10296 Big Bend Rd #110),( eval_secondary_pred),31QTRG6Q2TD90XCX0ZF429S5CI1YPB,Approved,42.0,2,"Google map, street view.",None
3RIHDBQ1NEYF6FR18HEMAL8M36CHMO,( None), ( SSM Health Cardinal Glennon Pediatrics Specialty Services; 10296 Big Bend Rd #110),( eval_secondary_pred),3OHYZ19UGC5QJF2T5TO9AN58ZM3AOX,Approved,59.0,2,https://www.google.com/maps/uv?hl=en&pb=!1s0x87d8cf49a6a24261%3A0x6e6472542b9d3dce!2m22!2m2!1i80!2i80!3m1!2i20!16m16!1b1!2m2!1m1!1e1!2m2!1m1!1e3!2m2!1m1!1e5!2m2!1m1!1e4!2m2!1m1!1e6!3m1!7e115!4shttps%3A%2F%2Flh5.googleusercontent.com%2Fp%2FAF1QipPuOadHt29qFpmk5RptmeahFQnzeHg7ayCA1nPz%3Dw284-h160-k-no!5sSSM%20Health%20Cardinal%20Glennon%20Pediatrics%20Specialty%20Services%3B%2010296%20Big%20Bend%20Rd%20%23110%20-%20Google%20Search&imagekey=!1e10!2sAF1QipPuOadHt29qFpmk5RptmeahFQnzeHg7ayCA1nPz&sa=X&ved=2ahUKEwjmv4PGhIPjAhWwm-AKHQDpDU8QoiowDXoECA4QBg,None
3RIHDBQ1NEYF6FR18HEMAL8M36CHMO,( None), ( SSM Health Cardinal Glennon Pediatrics Specialty Services; 10296 Big Bend Rd #110),( eval_secondary_pred),33LK57MYLT56IF2UO2LHBL6I5WIZSP,Approved,201.0,9,https://www.ssmhealth.com/for-health-professionals/residencies/rn-residencies/slu-hospital-rn-residency/program-faq,The website was a bit difficult to navigate
3RIHDBQ1NEYF6FR18HEMAL8M36CHMO,( None), ( SSM Health Cardinal Glennon Pediatrics Specialty Services; 10296 Big Bend Rd #110),( eval_secondary_pred),38F71OA9GTWXF3YP3TVOWKRU129MFF,Approved,104.0,2,google images,None
3NOEP8XAU42ID8OT51O0UBQBW16PXL,( None), ( St. Louis Children's Hospital; 660 S Euclid Ave),( eval_secondary_pred),3L6L49WXW0XP9GGURDIJOEJHQGR54Z,Approved,56.0,12,https://www.stlouischildrens.org/visit-us/getting-here/hospital-maps,None
3NOEP8XAU42ID8OT51O0UBQBW16PXL,( None), ( St. Louis Children's Hospital; 660 S Euclid Ave),( eval_secondary_pred),3DH6GAKTYYP3E1E3N8D6T7UJMGXYZJ,Approved,88.0,13,Google Street View,I think I got this hospital already? So they may be repeating for users.
3NOEP8XAU42ID8OT51O0UBQBW16PXL,( None), ( St. Louis Children's Hospital; 660 S Euclid Ave),( eval_secondary_pred),369J354OFDA1409SRXUPP9UKCGD6G5,Approved,56.0,7,Google maps,None
3NOEP8XAU42ID8OT51O0UBQBW16PXL,( None), ( St. Louis Children's Hospital; 660 S Euclid Ave),( eval_secondary_pred),3PJ71Z61R42RI4LN7LCY2WHG0T691P,Approved,248.0,12,There actual website map of building.,None
3NOEP8XAU42ID8OT51O0UBQBW16PXL,( None), ( St. Louis Children's Hospital; 660 S Euclid Ave),( eval_secondary_pred),3TR2532VIPUBV2ZTZ3FSMMM049A6JR,Approved,32.0,10,Google photos,None
3NOEP8XAU42ID8OT51O0UBQBW16PXL,( None), ( St. Louis Children's Hospital; 660 S Euclid Ave),( eval_secondary_pred),3907X2AHF05JZCJQ7E89T5R0X3EP2T,Approved,262.0,12,map directory on hospital's website,None
3NOEP8XAU42ID8OT51O0UBQBW16PXL,( None), ( St. Louis Children's Hospital; 660 S Euclid Ave),( eval_secondary_pred),3MX2NQ3YC9UG7I44BOKOLPGFJCEX5Q,Approved,123.0,12,hospital map,do the parking floors count?
3NOEP8XAU42ID8OT51O0UBQBW16PXL,( None), ( St. Louis Children's Hospital; 660 S Euclid Ave),( eval_secondary_pred),317HQ483I7SN7CLFG2G9CWTMMKBIN2,Approved,239.0,15,"Google Image Search - https://www.google.com/maps/place/St.+Louis+Children's+Hospital/@38.6350726,-90.262286,3a,75y,90t/data=!3m8!1e2!3m6!1sAF1QipMTl-7h4q7g-JdxGNwiAsAnqqHuHllvCDHg4vEC!2e10!3e12!6shttps:%2F%2Flh5.googleusercontent.com%2Fp%2FAF1QipMTl-7h4q7g-JdxGNwiAsAnqqHuHllvCDHg4vEC%3Dw140-h186-k-no!7i3096!8i4128!4m8!1m2!2m1!1sSt.+Louis+Children's+Hospital;+660+S+Euclid+Ave+directory!3m4!1s0x87d8b5209ca1c56f:0x486a7fc03ee2119a!8m2!3d38.6350726!4d-90.262286",None
3NOEP8XAU42ID8OT51O0UBQBW16PXL,( None), ( St. Louis Children's Hospital; 660 S Euclid Ave),( eval_secondary_pred),3D3VGR7TA0FTW7VOO6Q3HAW74Z3R3Z,Approved,24.0,5,google,None
3N2YPY1GI6YMCSU8W877CEUM2JWEVM,( None), ( CareSTL Health; 5471 Dr Martin Luther King Dr),( eval_secondary_pred),3D8YOU6S9EKK9IANB2J6TOVBLOQ6U3,Approved,59.0,2,"Google Street view, no maps on the website.",None
3N2YPY1GI6YMCSU8W877CEUM2JWEVM,( None), ( CareSTL Health; 5471 Dr Martin Luther King Dr),( eval_secondary_pred),384PI804XS19GUW4K88P5M3WNOKS09,Approved,71.0,2,Google maps,None
3N2YPY1GI6YMCSU8W877CEUM2JWEVM,( None), ( CareSTL Health; 5471 Dr Martin Luther King Dr),( eval_secondary_pred),3WJEQKOXA825NNVSZRQYYRS06BQ1AY,Approved,87.0,4,Went to their website.,None
3N2YPY1GI6YMCSU8W877CEUM2JWEVM,( None), ( CareSTL Health; 5471 Dr Martin Luther King Dr),( eval_secondary_pred),3XLBSAQ9Z4CKZHI20ZN6GUAMII07Z5,Approved,36.0,2,"https://www.google.com/maps/uv?hl=en&pb=!1s0x87df4ac3593640af:0x666f7043213d0ab2!2m22!2m2!1i80!2i80!3m1!2i20!16m16!1b1!2m2!1m1!1e1!2m2!1m1!1e3!2m2!1m1!1e5!2m2!1m1!1e4!2m2!1m1!1e6!3m1!7e115!4s/maps/place/CareSTL%2BHealth;%2B5471%2BDr%2BMartin%2BLuther%2BKing%2BDr/@38.668342,-90.2724478,3a,75y,27.59h,90t/data%3D*213m4*211e1*213m2*211sGrUQNqpc0Z1miM00MNFZsQ*212e0*214m2*213m1*211s0x87df4ac3593640af:0x666f7043213d0ab2?sa%3DX!5sCareSTL+Health;+5471+Dr+Martin+Luther+King+Dr+-+Google+Search&imagekey=!1e2!2sGrUQNqpc0Z1miM00MNFZsQ&sa=X&ved=2ahUKEwjpyM_ihIPjAhWmVN8KHasfD_4Qpx8wCnoECA8QBg",None
3N2YPY1GI6YMCSU8W877CEUM2JWEVM,( None), ( CareSTL Health; 5471 Dr Martin Luther King Dr),( eval_secondary_pred),32Q90QCQ1SLAJ1YQN6Y2ZPEQ0WUKEL,Approved,64.0,2,Google Maps,None
3N2YPY1GI6YMCSU8W877CEUM2JWEVM,( None), ( CareSTL Health; 5471 Dr Martin Luther King Dr),( eval_secondary_pred),358UUM7WRZ3BXQWBQITTUR8N91MR71,Approved,138.0,2,Google photos,None
3N2YPY1GI6YMCSU8W877CEUM2JWEVM,( None), ( CareSTL Health; 5471 Dr Martin Luther King Dr),( eval_secondary_pred),3MB8LZR5BFTOP78I4SL6CK4A9TYKLB,Approved,603.0,2,the clinic's website,None
3N2YPY1GI6YMCSU8W877CEUM2JWEVM,( None), ( CareSTL Health; 5471 Dr Martin Luther King Dr),( eval_secondary_pred),3PH3VY7DJLXZPWJ387VI8A93B9GWZ3,Approved,50.0,2,google,None
3LOJFQ4BOXF34BMW19IG4N1KM9OKDD,( None), ( St. Louis Children's Specialty Care Center; 13001 N Outer 40 Rd),( eval_secondary_pred),3RXCAC0YIRPO8ESGKCRN9NQBIB0G8Y,Approved,65.0,3,Google Street View.,None
3LOJFQ4BOXF34BMW19IG4N1KM9OKDD,( None), ( St. Louis Children's Specialty Care Center; 13001 N Outer 40 Rd),( eval_secondary_pred),3VHHR074H3H0US1YLYWX8FZO38IL7O,Approved,43.0,3,Google maps,None
3LOJFQ4BOXF34BMW19IG4N1KM9OKDD,( None), ( St. Louis Children's Specialty Care Center; 13001 N Outer 40 Rd),( eval_secondary_pred),37M28K1J0QDCI4BWPGW42ROM0RLAJ4,Approved,49.0,3,google,None
3LOJFQ4BOXF34BMW19IG4N1KM9OKDD,( None), ( St. Louis Children's Specialty Care Center; 13001 N Outer 40 Rd),( eval_secondary_pred),358010RM5ETX5CJJHF21PNAEWZ0VXD,Approved,77.0,3,https://www.stlouischildrens.org/locations/st-louis-childrens-hospital-specialty-care-center,None
3LOJFQ4BOXF34BMW19IG4N1KM9OKDD,( None), ( St. Louis Children's Specialty Care Center; 13001 N Outer 40 Rd),( eval_secondary_pred),3P4MQ7TPPXCBJVIC72JJZEPFA52BBM,Approved,31.0,3,Google maps,None
3LOJFQ4BOXF34BMW19IG4N1KM9OKDD,( None), ( St. Louis Children's Specialty Care Center; 13001 N Outer 40 Rd),( eval_secondary_pred),3NC5L260MOMLF6J1G9A1OOGZW2DOFL,Approved,35.0,3,google streat view,"https://www.google.com/maps/@38.6392004,-90.4830444,3a,75y,345.13h,91.92t/data=!3m7!1e1!3m5!1s5xVGP_SvBxJjV6Zl8sC7Cw!2e0!6s%2F%2Fgeo1.ggpht.com%2Fcbk%3Fpanoid%3D5xVGP_SvBxJjV6Zl8sC7Cw%26output%3Dthumbnail%26cb_client%3Dsearch.TACTILE.gps%26thumb%3D2%26w%3D96%26h%3D64%26yaw%3D338.69528%26pitch%3D0%26thumbfov%3D100!7i13312!8i6656"
3LOJFQ4BOXF34BMW19IG4N1KM9OKDD,( None), ( St. Louis Children's Specialty Care Center; 13001 N Outer 40 Rd),( eval_secondary_pred),3FPRZHYEPY7LPEC5XQVDI7LAP58V3O,Approved,33.0,3,https://www.google.com/maps/uv?hl=en&pb=!1s0x87d8d2da27a51f0f%3A0x46471eb364e56ee3!2m22!2m2!1i80!2i80!3m1!2i20!16m16!1b1!2m2!1m1!1e1!2m2!1m1!1e3!2m2!1m1!1e5!2m2!1m1!1e4!2m2!1m1!1e6!3m1!7e115!4shttps%3A%2F%2Flh5.googleusercontent.com%2Fp%2FAF1QipOtiW8lNnm3gQQ7AHcEfqXAYOWjfA3w-j8Fawbb%3Dw230-h160-k-no!5sSt.%20Louis%20Children%27s%20Specialty%20Care%20Center%3B%2013001%20N%20Outer%2040%20Rd%20-%20Google%20Search!15sCAQ&imagekey=!1e10!2sAF1QipOtiW8lNnm3gQQ7AHcEfqXAYOWjfA3w-j8Fawbb&sa=X&ved=2ahUKEwj4mJLEhYPjAhXySt8KHW0zBIgQoiowCnoECA8QBg,None
3LOJFQ4BOXF34BMW19IG4N1KM9OKDD,( None), ( St. Louis Children's Specialty Care Center; 13001 N Outer 40 Rd),( eval_secondary_pred),3TE22NPXPBC7DXCUD8Z9JMD3QLF44E,Approved,189.0,3,google and virtual tour,None
3LOJFQ4BOXF34BMW19IG4N1KM9OKDD,( None), ( St. Louis Children's Specialty Care Center; 13001 N Outer 40 Rd),( eval_secondary_pred),3DH6GAKTYYP3E1E3N8D6T7UJMHGZY5,Approved,258.0,3,google,answer aquired by counting the floors on a photo
3OZ4VAIBEXFUN8G0A9IY9U7E7RSVJO,( None), ( Barnes Jewish Hospital Emergency Room; 400 S Kingshighway Blvd),( eval_secondary_pred),304SM51WA34A0HZEIO5EP3ZFESFSBT,Approved,154.0,13,"google Street View, I couldn't find a map on a website.",None
3OZ4VAIBEXFUN8G0A9IY9U7E7RSVJO,( None), ( Barnes Jewish Hospital Emergency Room; 400 S Kingshighway Blvd),( eval_secondary_pred),3SEPORI8WNZ2IJG072ZQQLCCJPVZAB,Approved,1121.0,10,google,no specific information about building floors.
3OZ4VAIBEXFUN8G0A9IY9U7E7RSVJO,( None), ( Barnes Jewish Hospital Emergency Room; 400 S Kingshighway Blvd),( eval_secondary_pred),32N49TQG3GIL9ZBQ65AN5FZGVEQVA8,Approved,67.0,13,Google maps,None
3OZ4VAIBEXFUN8G0A9IY9U7E7RSVJO,( None), ( Barnes Jewish Hospital Emergency Room; 400 S Kingshighway Blvd),( eval_secondary_pred),3X87C8JFV6BX4N131624KSUE0SMSQB,Approved,239.0,5,Wikipedia,None
3OZ4VAIBEXFUN8G0A9IY9U7E7RSVJO,( None), ( Barnes Jewish Hospital Emergency Room; 400 S Kingshighway Blvd),( eval_secondary_pred),3Y54SXRO1LLQBGLZ7FRZ4YNP5W6TU6,Approved,90.0,11,Looked at picture of building on google.,"Again, just looked at building and counted the floors."
3OZ4VAIBEXFUN8G0A9IY9U7E7RSVJO,( None), ( Barnes Jewish Hospital Emergency Room; 400 S Kingshighway Blvd),( eval_secondary_pred),3YJ6NA41JBGJ58HYEZE1SMDHZEOJPY,Approved,204.0,14,google streat view,"https://www.google.com/maps/@38.6369278,-90.2662001,3a,75y,103.6h,114.49t/data=!3m6!1e1!3m4!1sA-4MnkQfxDw3mejrYc6tKg!2e0!7i13312!8i6656"
3OZ4VAIBEXFUN8G0A9IY9U7E7RSVJO,( None), ( Barnes Jewish Hospital Emergency Room; 400 S Kingshighway Blvd),( eval_secondary_pred),3CFVK00FWLLHQSNT2OR521ZS8YGL69,Approved,56.0,5,https://www.barnesjewish.org/Patients-Visitors/Locations-Directions/Charles-F-Knight-Emergency-and-Trauma-Center Images show 5 floors,None
3OZ4VAIBEXFUN8G0A9IY9U7E7RSVJO,( None), ( Barnes Jewish Hospital Emergency Room; 400 S Kingshighway Blvd),( eval_secondary_pred),3E337GFOL989BLFKQEG6RKG677JGN8,Approved,461.0,4,google images,None
3OZ4VAIBEXFUN8G0A9IY9U7E7RSVJO,( None), ( Barnes Jewish Hospital Emergency Room; 400 S Kingshighway Blvd),( eval_secondary_pred),3907X2AHF05JZCJQ7E89T5R0X3FP2U,Approved,11.0,4,bing,None
3T2HW4QDUV79INXRXGWGU85MQF0C9B,( None), ( SSM Health Cardinal Glennon Children's Hospital; 1465 S Grand Blvd),( eval_secondary_pred),3634BBTX0OUBJK8YIEXW4RKDKS6IFA,Approved,68.0,6,Google Street View,None
3T2HW4QDUV79INXRXGWGU85MQF0C9B,( None), ( SSM Health Cardinal Glennon Children's Hospital; 1465 S Grand Blvd),( eval_secondary_pred),3WSELTNVR326W7711AA84XBVYT8TAO,Approved,544.0,6,https://www.ssmhealth.com/SSMHealth/media/Documents/Locations/cardinal-glennon/cardinal-glennon-campus-map.pdf{{NEWENTRY}}{{NEWENTRY}}https://www.google.com/url?sa=i&source=images&cd=&cad=rja&uact=8&ved=2ahUKEwiUq52I54LjAhV1ds0KHV8yDi0Qjhx6BAgBEAM&url=https%3A%2F%2Fwww.ssmhealth.com%2Flocations%2Fcardinal-glennon-childrens-hospital&psig=AOvVaw3o75Zs7ylP6obLDvXrcPjz&ust=1561489295026445,None
3T2HW4QDUV79INXRXGWGU85MQF0C9B,( None), ( SSM Health Cardinal Glennon Children's Hospital; 1465 S Grand Blvd),( eval_secondary_pred),3VNL7UK1XFJ1SYO9CQW0IYMMV9NFTP,Approved,116.0,6,https://www.ssmhealth.com/locations/cardinal-glennon-childrens-hospital/visitor-information,Determined by using the campus map on this site
3T2HW4QDUV79INXRXGWGU85MQF0C9B,( None), ( SSM Health Cardinal Glennon Children's Hospital; 1465 S Grand Blvd),( eval_secondary_pred),3GM6G9ZBKNX7Y8GQYD0DDO6VSAZTMA,Approved,41.0,4,Google maps,None
3T2HW4QDUV79INXRXGWGU85MQF0C9B,( None), ( SSM Health Cardinal Glennon Children's Hospital; 1465 S Grand Blvd),( eval_secondary_pred),3OE22WJIGIODJ0T7QBX4ZTC2LP4UQQ,Approved,125.0,7,google,None
3T2HW4QDUV79INXRXGWGU85MQF0C9B,( None), ( SSM Health Cardinal Glennon Children's Hospital; 1465 S Grand Blvd),( eval_secondary_pred),3KIBXJ1WD5UWVSBFHK1Y41844YUOKN,Approved,83.0,6,Google maps,None
3T2HW4QDUV79INXRXGWGU85MQF0C9B,( None), ( SSM Health Cardinal Glennon Children's Hospital; 1465 S Grand Blvd),( eval_secondary_pred),3A4NIXBJ76ZJFV8LP4YMRXWEYYPMLE,Approved,352.0,7,www.ssmhealth.com,None
3T2HW4QDUV79INXRXGWGU85MQF0C9B,( None), ( SSM Health Cardinal Glennon Children's Hospital; 1465 S Grand Blvd),( eval_secondary_pred),3Q8GYXHFEP2S4KT9KSO17CV5IUP5CV,Approved,24.0,5,Google photos,None
3T2HW4QDUV79INXRXGWGU85MQF0C9B,( None), ( SSM Health Cardinal Glennon Children's Hospital; 1465 S Grand Blvd),( eval_secondary_pred),3A1PQ49WVHHKXA365X0QFDF4J6R1HK,Approved,178.0,5,image from hospital's website,None
31N9JPQXIPILOXC1KITMN0XM8WMHNO,( None), ( SSM DePaul Health Center; 12277 De Paul Dr),( eval_secondary_pred),3IRIK4HM3AKONOTNPBY6ZI95EOJC6Z,Approved,68.0,5,"Google Street View, counting the floors. No map on website.",None
31N9JPQXIPILOXC1KITMN0XM8WMHNO,( None), ( SSM DePaul Health Center; 12277 De Paul Dr),( eval_secondary_pred),3R6P78PK7KB76YK4NA2I0JMYWONGTP,Approved,57.0,5,Google maps,None
31N9JPQXIPILOXC1KITMN0XM8WMHNO,( None), ( SSM DePaul Health Center; 12277 De Paul Dr),( eval_secondary_pred),3Q8GYXHFEP2S4KT9KSO17CV5ITB5CF,Approved,94.0,1,google,"no web site, not enough information or pictures about building."
31N9JPQXIPILOXC1KITMN0XM8WMHNO,( None), ( SSM DePaul Health Center; 12277 De Paul Dr),( eval_secondary_pred),3W2LOLRXLBFZS53V9CI2YWD9FKBRKU,Approved,210.0,3,"Google, Ssm DePaul websitw",None
31N9JPQXIPILOXC1KITMN0XM8WMHNO,( None), ( SSM DePaul Health Center; 12277 De Paul Dr),( eval_secondary_pred),3IQ1VMJRYTKNCSYN345RDXAJ4ND9AE,Approved,142.0,6,Google maps,None
31N9JPQXIPILOXC1KITMN0XM8WMHNO,( None), ( SSM DePaul Health Center; 12277 De Paul Dr),( eval_secondary_pred),3QIYRE09Y3HC76PH8VV3KXC05ISN17,Approved,146.0,6,"https://www.google.com/maps/@38.7516707,-90.4331899,3a,75y,177.01h,91.38t/data=!3m7!1e1!3m5!1szCgZes_i78elAvkYYtWNvA!2e0!6s%2F%2Fgeo2.ggpht.com%2Fcbk%3Fpanoid%3DzCgZes_i78elAvkYYtWNvA%26output%3Dthumbnail%26cb_client%3Dmaps_sv.tactile.gps%26thumb%3D2%26w%3D203%26h%3D100%26yaw%3D140%26pitch%3D-10%26thumbfov%3D100!7i13312!8i6656",None
31N9JPQXIPILOXC1KITMN0XM8WMHNO,( None), ( SSM DePaul Health Center; 12277 De Paul Dr),( eval_secondary_pred),338JKRMM26ZGRYG61GTJQE87N0QHAH,Approved,132.0,5,Google -> https://www.emporis.com/.../depaul-medical-office-building-south-bridgeton-mo-us,Challenging!
31N9JPQXIPILOXC1KITMN0XM8WMHNO,( None), ( SSM DePaul Health Center; 12277 De Paul Dr),( eval_secondary_pred),3MTMREQS4VIYOOBVWFFJRHIU2O5WAY,Approved,172.0,6,"https://www.google.com/maps/@38.7489694,-90.4340623,3a,75y,23.17h,70.15t/data=!3m6!1e1!3m4!1s0o--onBR-MOEsblGSEUACg!2e0!7i13312!8i6656",None
31N9JPQXIPILOXC1KITMN0XM8WMHNO,( None), ( SSM DePaul Health Center; 12277 De Paul Dr),( eval_secondary_pred),3CFJTT4SXTQY4RTS0VZKGZ7WM527IC,Approved,150.0,5,"Internet, Google Maps Image",None
3L2OEKSTW9AM7LFMOG8RR32U9X0Y8G,( None), ( Transition Center; 1621 N 1st St),( eval_secondary_pred),3VNL7UK1XFJ1SYO9CQW0IYMMV9MFTO,Approved,51.0,1,Google Street View.,None
3L2OEKSTW9AM7LFMOG8RR32U9X0Y8G,( None), ( Transition Center; 1621 N 1st St),( eval_secondary_pred),351SEKWQS0H0HJKTCN0Y8KO9POAMDJ,Approved,84.0,1,https://doc.mo.gov/programs/missouri-reentry-process/transition-center,None
3L2OEKSTW9AM7LFMOG8RR32U9X0Y8G,( None), ( Transition Center; 1621 N 1st St),( eval_secondary_pred),3OUYGIZWR7YC32GCSR4VAHYL04EP0R,Approved,41.0,2,Google maps,None
3L2OEKSTW9AM7LFMOG8RR32U9X0Y8G,( None), ( Transition Center; 1621 N 1st St),( eval_secondary_pred),3L70J4KAZGMZFIB4FKATZTT9V7QADS,Approved,82.0,1,Google,This is a prison
3L2OEKSTW9AM7LFMOG8RR32U9X0Y8G,( None), ( Transition Center; 1621 N 1st St),( eval_secondary_pred),3TE3O8573084BPZ5K6CYY0RFYLQR2B,Approved,59.0,2,google streat view,"https://www.google.com/maps/@38.6435228,-90.1837812,3a,75y,214.79h,81.57t/data=!3m6!1e1!3m4!1sZwMJNpT3gc7eSrFtLTcbRQ!2e0!7i13312!8i6656"
3L2OEKSTW9AM7LFMOG8RR32U9X0Y8G,( None), ( Transition Center; 1621 N 1st St),( eval_secondary_pred),3YOH7BII097RLCKCIWNCZT2C0RRKVL,Approved,45.0,2,Google map,None
3L2OEKSTW9AM7LFMOG8RR32U9X0Y8G,( None), ( Transition Center; 1621 N 1st St),( eval_secondary_pred),3YDGXNSEOZU8WYZWPBPM0YT8S7848I,Approved,25.0,1,Google photos,None
3L2OEKSTW9AM7LFMOG8RR32U9X0Y8G,( None), ( Transition Center; 1621 N 1st St),( eval_secondary_pred),3GLB5JMZFXV0P9O71K23VF4CT3GGDP,Approved,164.0,1,doc website,None
3L2OEKSTW9AM7LFMOG8RR32U9X0Y8G,( None), ( Transition Center; 1621 N 1st St),( eval_secondary_pred),3NAPMVF0ZWFUT6FQBSESTJ0FX99725,Approved,61.0,1,google,None
35XW21VSVGEKQ6NWJZP6EM0ZCC3SLI,( None), ( St. Alexius Hospital; 3933 S Broadway),( eval_secondary_pred),3KMS4QQVK2Q2PFYMIHI8H7ZQCWVFKI,Approved,69.0,4,"Google Street View, No map on Website.",None
35XW21VSVGEKQ6NWJZP6EM0ZCC3SLI,( None), ( St. Alexius Hospital; 3933 S Broadway),( eval_secondary_pred),39PAAFCODM0QOVAZC5140KP8J3AVTS,Approved,371.0,6,https://www.ahd.com/free_profile/260210/Saint_Alexius_Hospital_-_Broadway_Campus/Saint_Louis/Missouri/,None
35XW21VSVGEKQ6NWJZP6EM0ZCC3SLI,( None), ( St. Alexius Hospital; 3933 S Broadway),( eval_secondary_pred),3A4NIXBJ76ZJFV8LP4YMRXWEYXDML0,Approved,64.0,5,Google maps,None
35XW21VSVGEKQ6NWJZP6EM0ZCC3SLI,( None), ( St. Alexius Hospital; 3933 S Broadway),( eval_secondary_pred),33PPO7FECVFEL0U2R826GRHS8FSID1,Approved,56.0,4,google maps,None
35XW21VSVGEKQ6NWJZP6EM0ZCC3SLI,( None), ( St. Alexius Hospital; 3933 S Broadway),( eval_secondary_pred),39OWYR0EPKRX9KN3MWJZQFE1AB9FYI,Approved,34.0,4,"Google, facility website",None
35XW21VSVGEKQ6NWJZP6EM0ZCC3SLI,( None), ( St. Alexius Hospital; 3933 S Broadway),( eval_secondary_pred),3G2UL9A02DEIB7YRYUQVJWHRDEY678,Approved,218.0,6,Google image search,None
35XW21VSVGEKQ6NWJZP6EM0ZCC3SLI,( None), ( St. Alexius Hospital; 3933 S Broadway),( eval_secondary_pred),36AHBNMV1RC0B097VQO92FBGYZWYDV,Approved,40.0,5,Google maps,None
35XW21VSVGEKQ6NWJZP6EM0ZCC3SLI,( None), ( St. Alexius Hospital; 3933 S Broadway),( eval_secondary_pred),3RANCT1ZVFHQFURI7T0E44H3ZQDUBQ,Approved,236.0,4,Google photos,None
35XW21VSVGEKQ6NWJZP6EM0ZCC3SLI,( None), ( St. Alexius Hospital; 3933 S Broadway),( eval_secondary_pred),3MRNMEIQW56GB128CBZJ879KPK3DLT,Approved,123.0,5,Google Image Search - https://www.google.com/maps/uv?hl=en&pb=!1s0x87d8b40948cc3389%3A0xd9bc2f3508ff6eab!2m22!2m2!1i80!2i80!3m1!2i20!16m16!1b1!2m2!1m1!1e1!2m2!1m1!1e3!2m2!1m1!1e5!2m2!1m1!1e4!2m2!1m1!1e6!3m1!7e115!4s%2Fmaps%2Fplace%2FSt.%2BAlexius%2BHospital%3B%2B3933%2BS%2BBroadway%2F%4038.5833584%2C-90.2281126%2C3a%2C75y%2C284.75h%2C90t%2Fdata%3D*213m4*211e1*213m2*211sy2vN9A4OLfmusVyqnF-ojA*212e0*214m2*213m1*211s0x87d8b40948cc3389%3A0xd9bc2f3508ff6eab%3Fsa%3DX!5sSt.%20Alexius%20Hospital%3B%203933%20S%20Broadway%20-%20Google%20Search!15sCAQ&imagekey=!1e2!2sy2vN9A4OLfmusVyqnF-ojA&sa=X&ved=2ahUKEwiRqq-mpoPjAhWObc0KHRaKCakQpx8wDHoECAwQCw,None
39AYGO6AFFK5R8SKOZ2IQ98WZI6N6T,( None), ( Shriner's Hospitals for Children - St. Louis; 4400 Clayton Ave),( eval_secondary_pred),3WYP994K17R1QRUSL3GVW91OHCYY6Q,Approved,86.0,6,Google Street view. The official website did not have a map I could find.,None
39AYGO6AFFK5R8SKOZ2IQ98WZI6N6T,( None), ( Shriner's Hospitals for Children - St. Louis; 4400 Clayton Ave),( eval_secondary_pred),3Y4W8Q93LZKJ76E2QF1PVG7MGHMVD9,Approved,253.0,3,https://www.shrinershospitalsforchildren.org/st-louis/about-us,None
39AYGO6AFFK5R8SKOZ2IQ98WZI6N6T,( None), ( Shriner's Hospitals for Children - St. Louis; 4400 Clayton Ave),( eval_secondary_pred),3SKEMFQBZ35TA0OZA3C27FI4PSK8KW,Approved,53.0,4,Google maps,None
39AYGO6AFFK5R8SKOZ2IQ98WZI6N6T,( None), ( Shriner's Hospitals for Children - St. Louis; 4400 Clayton Ave),( eval_secondary_pred),3B3WTRP3DB2Y7P3JQPCC7FRLSYG920,Approved,90.0,6,google directions,None
39AYGO6AFFK5R8SKOZ2IQ98WZI6N6T,( None), ( Shriner's Hospitals for Children - St. Louis; 4400 Clayton Ave),( eval_secondary_pred),3IGI0VL647KX3YWIEXTEWTP8YSTONK,Approved,186.0,3,google search that led to bizjournals.com,None
39AYGO6AFFK5R8SKOZ2IQ98WZI6N6T,( None), ( Shriner's Hospitals for Children - St. Louis; 4400 Clayton Ave),( eval_secondary_pred),3OS4RQUCR9F1WCUSC45FI4G0P3VBF5,Approved,42.0,7,Google maps,None
39AYGO6AFFK5R8SKOZ2IQ98WZI6N6T,( None), ( Shriner's Hospitals for Children - St. Louis; 4400 Clayton Ave),( eval_secondary_pred),3OWEPKL089CQIS4JXBCCL73D84S7NO,Approved,216.0,8,google,None
39AYGO6AFFK5R8SKOZ2IQ98WZI6N6T,( None), ( Shriner's Hospitals for Children - St. Louis; 4400 Clayton Ave),( eval_secondary_pred),3EF8EXOTT1VGOGYWTX3BRQVJWYO1JI,Approved,447.0,3,https://www.bizjournals.com/stlouis/blog/health-care/2015/05/inside-the-new-shriners-hospital-for-children-in.html,None
39AYGO6AFFK5R8SKOZ2IQ98WZI6N6T,( None), ( Shriner's Hospitals for Children - St. Louis; 4400 Clayton Ave),( eval_secondary_pred),3C6FJU71TQTMS2KTHLEYCFF4KZ1UYB,Approved,560.0,4,image on hospital's website,None
356ZPKYPUHH7DDE3AXA2DPXKY70PYR,( None), ( Missouri Baptist Medical Center Outpatient Center; 3844 S Lindbergh Blvd),( eval_secondary_pred),3ZY8KE4ISJ3DWFI7V179VFELZWAVQD,Approved,75.0,2,Google Street view and the campus map on their website.,None
356ZPKYPUHH7DDE3AXA2DPXKY70PYR,( None), ( Missouri Baptist Medical Center Outpatient Center; 3844 S Lindbergh Blvd),( eval_secondary_pred),3GGAI1SQEVYQCREFCR5NOE6R4O0CMB,Approved,39.0,2,Google maps,None
356ZPKYPUHH7DDE3AXA2DPXKY70PYR,( None), ( Missouri Baptist Medical Center Outpatient Center; 3844 S Lindbergh Blvd),( eval_secondary_pred),3C44YUNSI1P62MH643SQPOI4UTQDPB,Approved,214.0,2,"Google, facility website","I got this answer from a photo, there does seem to be multiple locations."
356ZPKYPUHH7DDE3AXA2DPXKY70PYR,( None), ( Missouri Baptist Medical Center Outpatient Center; 3844 S Lindbergh Blvd),( eval_secondary_pred),3T111IHZ5EQFB9K45FRD8NZT4R29RN,Approved,50.0,2,google streat view,"https://www.google.com/maps/@38.5488471,-90.403568,3a,75y,151.74h,86.26t/data=!3m7!1e1!3m5!1sGJbfvmKMkZdN6-PR_F_9PQ!2e0!6s%2F%2Fgeo2.ggpht.com%2Fcbk%3Fpanoid%3DGJbfvmKMkZdN6-PR_F_9PQ%26output%3Dthumbnail%26cb_client%3Dsearch.TACTILE.gps%26thumb%3D2%26w%3D96%26h%3D64%26yaw%3D85.73196%26pitch%3D0%26thumbfov%3D100!7i13312!8i6656"
356ZPKYPUHH7DDE3AXA2DPXKY70PYR,( None), ( Missouri Baptist Medical Center Outpatient Center; 3844 S Lindbergh Blvd),( eval_secondary_pred),3CFVK00FWLLHQSNT2OR521ZS8Y66LK,Approved,87.0,6,Went to their map on website.,None
356ZPKYPUHH7DDE3AXA2DPXKY70PYR,( None), ( Missouri Baptist Medical Center Outpatient Center; 3844 S Lindbergh Blvd),( eval_secondary_pred),3AWETUDC92SHO1ZYJQR37J0VWYDIZD,Approved,25.0,6,Google photos,None
356ZPKYPUHH7DDE3AXA2DPXKY70PYR,( None), ( Missouri Baptist Medical Center Outpatient Center; 3844 S Lindbergh Blvd),( eval_secondary_pred),3U5NZHP4LR2NE2M8QZBGG9X2MMSHPZ,Approved,86.0,2,www.missouribaptist.org,None
356ZPKYPUHH7DDE3AXA2DPXKY70PYR,( None), ( Missouri Baptist Medical Center Outpatient Center; 3844 S Lindbergh Blvd),( eval_secondary_pred),3907X2AHF05JZCJQ7E89T5R0X3A2P2,Approved,127.0,2,https://www.google.com/maps/uv?hl=en&pb=!1s0x87d8ce8d217abc0b%3A0x147a001cc10dc260!2m22!2m2!1i80!2i80!3m1!2i20!16m16!1b1!2m2!1m1!1e1!2m2!1m1!1e3!2m2!1m1!1e5!2m2!1m1!1e4!2m2!1m1!1e6!3m1!7e115!4s%2Fmaps%2Fplace%2FSATELLITE%2BVIEW%2BOF%2BMissouri%2BBaptist%2BMedical%2BCenter%2BOutpatient%2BCenter%2F%4038.5483072%2C-90.403347%2C3a%2C75y%2C11.52h%2C90t%2Fdata%3D*213m4*211e1*213m2*211s5wvBh8yRFvYSr-jNtGXBBQ*212e0*214m2*213m1*211s0x87d8ce8d217abc0b%3A0x147a001cc10dc260%3Fsa%3DX!5sSATELLITE%20VIEW%20OF%20Missouri%20Baptist%20Medical%20Center%20Outpatient%20Center%20-%20Google%20Search!15sCAQ&imagekey=!1e10!2sAF1QipMTYNtVx4k7v8HkFkpCIefY7BNbfevVdmUN9uEk&sa=X&ved=2ahUKEwiD-K7pjoPjAhWFW80KHbGyA1MQpx8wDnoECA8QCw,None
356ZPKYPUHH7DDE3AXA2DPXKY70PYR,( None), ( Missouri Baptist Medical Center Outpatient Center; 3844 S Lindbergh Blvd),( eval_secondary_pred),3QL2OFSM96IWU9ZFOSKN1TVR9FMNC0,Approved,47.0,2,Google Maps,None
378G7J1SJLYZRHUDMIC3YGD09SYEWW,( None), ( SSM Health DePaul Hospital - St. Louis; 12303 De Paul Dr),( eval_secondary_pred),3QFUFYSY9YFHBD9JXPVSAQAUFA2F4P,Approved,118.0,6,"Google Street View, Counted the floors. I couldn't find",None
378G7J1SJLYZRHUDMIC3YGD09SYEWW,( None), ( SSM Health DePaul Hospital - St. Louis; 12303 De Paul Dr),( eval_secondary_pred),3XLBSAQ9Z4CKZHI20ZN6GUAMIHQZ7L,Approved,50.0,6,Google maps,None
378G7J1SJLYZRHUDMIC3YGD09SYEWW,( None), ( SSM Health DePaul Hospital - St. Louis; 12303 De Paul Dr),( eval_secondary_pred),3JAOYWH7VI448BPR0VUHMBQUYYAL94,Approved,11.0,1,Google,None
378G7J1SJLYZRHUDMIC3YGD09SYEWW,( None), ( SSM Health DePaul Hospital - St. Louis; 12303 De Paul Dr),( eval_secondary_pred),3RXCAC0YIRPO8ESGKCRN9NQBIC8G88,Approved,159.0,6,Google maps,None
378G7J1SJLYZRHUDMIC3YGD09SYEWW,( None), ( SSM Health DePaul Hospital - St. Louis; 12303 De Paul Dr),( eval_secondary_pred),30X31N5D63Q5H7UMCA5IUSF9WB3SA9,Approved,17.0,6,google streat view,"https://www.google.com/maps/@38.7499892,-90.4342183,3a,75y,349.2h,99.16t/data=!3m6!1e1!3m4!1s4vnSq0wlzVMQyIpFQbKvXQ!2e0!7i13312!8i6656"
378G7J1SJLYZRHUDMIC3YGD09SYEWW,( None), ( SSM Health DePaul Hospital - St. Louis; 12303 De Paul Dr),( eval_secondary_pred),3LRLIPTPEQ97TOHE71WG36OZFHQKAK,Approved,377.0,6,Internet search,None
378G7J1SJLYZRHUDMIC3YGD09SYEWW,( None), ( SSM Health DePaul Hospital - St. Louis; 12303 De Paul Dr),( eval_secondary_pred),3PS7W85Z8Z2SROXW94W8820BSC09T1,Approved,65.0,12,https://www.ssmhealth.com/locations/depaul-hospital-st-louis,None
378G7J1SJLYZRHUDMIC3YGD09SYEWW,( None), ( SSM Health DePaul Hospital - St. Louis; 12303 De Paul Dr),( eval_secondary_pred),39N5ACM9HENUZW4PSNNO3SZE39HP9E,Approved,62.0,6,https://www.ssmhealth.com/locations/depaul-hospital-st-louis?utm_id=gmb18-13,None
378G7J1SJLYZRHUDMIC3YGD09SYEWW,( None), ( SSM Health DePaul Hospital - St. Louis; 12303 De Paul Dr),( eval_secondary_pred),3L4D84MILZSRSRJAVM6WJDBQDNPJH4,Approved,29.0,2,Google photos,None
366FYU4PTGP8WH0WX4T0A5J5MLPKE6,( None), ( Midtown Treatment; 2900 Washington Ave),( eval_secondary_pred),3PM8NZGV8YG504N2VG8RJ0B6F7GQX9,Approved,95.0,3,https://midtowntreatment.wordpress.com/{{NEWENTRY}}I couldn't find a map so I had to count the floors from their image.,None
366FYU4PTGP8WH0WX4T0A5J5MLPKE6,( None), ( Midtown Treatment; 2900 Washington Ave),( eval_secondary_pred),3X4JMASXCM9AZ8F29MMUFXTWJ0XB0Q,Approved,132.0,3,google.com {{NEWENTRY}}https://midtowntreatment.wordpress.com/,None
366FYU4PTGP8WH0WX4T0A5J5MLPKE6,( None), ( Midtown Treatment; 2900 Washington Ave),( eval_secondary_pred),34HJIJKLP5W67AV9X40WSCDG34TV4W,Approved,55.0,3,https://midtowntreatment.wordpress.com/,None
366FYU4PTGP8WH0WX4T0A5J5MLPKE6,( None), ( Midtown Treatment; 2900 Washington Ave),( eval_secondary_pred),33OOO72IVHLUPM4ZLO6ZAS1JYWVCTB,Approved,230.0,3,http://stlsalvationarmy.org/2015/06/the-salvation-army-breaks-ground-on-midtown-service-and-treatment-center/,None
366FYU4PTGP8WH0WX4T0A5J5MLPKE6,( None), ( Midtown Treatment; 2900 Washington Ave),( eval_secondary_pred),38F5OAUN5NCY8WI8UDHZGN6HMRAH7E,Approved,140.0,5,Google maps,None
366FYU4PTGP8WH0WX4T0A5J5MLPKE6,( None), ( Midtown Treatment; 2900 Washington Ave),( eval_secondary_pred),3HRMW88U16Q6IZJZ0BC3TD4QVZ3M0S,Approved,88.0,3,google maps,no web site
366FYU4PTGP8WH0WX4T0A5J5MLPKE6,( None), ( Midtown Treatment; 2900 Washington Ave),( eval_secondary_pred),3907X2AHF05JZCJQ7E89T5R0X2YP2B,Approved,90.0,3,"I googled ""Midtown Treatment, 2900 Washington Ave"" and then clicked on their website, then clicked on the About page.",N/A
366FYU4PTGP8WH0WX4T0A5J5MLPKE6,( None), ( Midtown Treatment; 2900 Washington Ave),( eval_secondary_pred),3X66WABAJWI27HMA8VWRI6I02PDG3B,Approved,186.0,3,Google. About,None
366FYU4PTGP8WH0WX4T0A5J5MLPKE6,( None), ( Midtown Treatment; 2900 Washington Ave),( eval_secondary_pred),3TXWC2NHNZQRCOKHK4RIYX4PQSIS9P,Approved,90.0,1,Google,None
324N5FAHSXBPYSMISUIAA97RMGSVKN,( None), ( St. Mary's Hospital; 1127 Bellevue Ave),( eval_secondary_pred),3D3VGR7TA0FTW7VOO6Q3HAW74YH3RN,Approved,949.0,6,"Google Street, hospital website",Address is 1035 Bellevue Ave
324N5FAHSXBPYSMISUIAA97RMGSVKN,( None), ( St. Mary's Hospital; 1127 Bellevue Ave),( eval_secondary_pred),3RKNTXVS3MYMFMSBM990WPZ3IUR4A3,Approved,119.0,4,https://www.ssmhealth.com/locations/st-marys-hospital-st-louis/visitor-information{{NEWENTRY}}They noted 4 floors in the visitor information.,None
324N5FAHSXBPYSMISUIAA97RMGSVKN,( None), ( St. Mary's Hospital; 1127 Bellevue Ave),( eval_secondary_pred),3B1NLC6UGZW9E6RX6TTYV9L17L3PGU,Approved,57.0,3,Google maps,None
324N5FAHSXBPYSMISUIAA97RMGSVKN,( None), ( St. Mary's Hospital; 1127 Bellevue Ave),( eval_secondary_pred),3T3IWE1XG6NYJNEIQ67UUXQ02BYQTW,Approved,201.0,5,google maps,very difficult
324N5FAHSXBPYSMISUIAA97RMGSVKN,( None), ( St. Mary's Hospital; 1127 Bellevue Ave),( eval_secondary_pred),3CPLWGV3MOZUWBSCC8AWZ3UJ3UGN9G,Approved,195.0,5,Google map,None
324N5FAHSXBPYSMISUIAA97RMGSVKN,( None), ( St. Mary's Hospital; 1127 Bellevue Ave),( eval_secondary_pred),3HHRAGRYX85CEWSODNA9ESUOT4SO93,Approved,33.0,4,Google photos,None
324N5FAHSXBPYSMISUIAA97RMGSVKN,( None), ( St. Mary's Hospital; 1127 Bellevue Ave),( eval_secondary_pred),3VJ40NV2QINVYB12BTFQ5SV0NBVTO8,Approved,320.0,5,image on hospital's website,None
324N5FAHSXBPYSMISUIAA97RMGSVKN,( None), ( St. Mary's Hospital; 1127 Bellevue Ave),( eval_secondary_pred),39ASUFLU6X7G31XXMPDRPJMSW5EEX9,Approved,47.0,3,Google,hard to find the amount of floors
324N5FAHSXBPYSMISUIAA97RMGSVKN,( None), ( St. Mary's Hospital; 1127 Bellevue Ave),( eval_secondary_pred),36H9ULYP62U7EVS40WIWGSZDX8FFJ5,Approved,154.0,2,Google,None
302OLP89DZ7NN67WPMAGQ3G6WXICAQ,( None), ( Christian Hospital; 11133 Dunn Rd),( eval_secondary_pred),3DYGAII7PL80RVLB9PYAPNP3D88PQL,Approved,130.0,10,"Google Street view, I couldn't find a building layout on their website.",This medical facilities should really publish a building map directory on their website.
302OLP89DZ7NN67WPMAGQ3G6WXICAQ,( None), ( Christian Hospital; 11133 Dunn Rd),( eval_secondary_pred),3DIP6YHAPCSQO0WPEH1Z9K5Z5VNE8H,Approved,137.0,10,Google maps,None
302OLP89DZ7NN67WPMAGQ3G6WXICAQ,( None), ( Christian Hospital; 11133 Dunn Rd),( eval_secondary_pred),3IXEICO792J595VYBXTWOS992BR6TM,Approved,162.0,10,Google maps,None
302OLP89DZ7NN67WPMAGQ3G6WXICAQ,( None), ( Christian Hospital; 11133 Dunn Rd),( eval_secondary_pred),3GLB5JMZFXV0P9O71K23VF4CT3EDGK,Approved,681.0,10,https://www.christianhospital.org/About-Us/Christian-Hospital-2020/Progress-Report,None
302OLP89DZ7NN67WPMAGQ3G6WXICAQ,( None), ( Christian Hospital; 11133 Dunn Rd),( eval_secondary_pred),3SNVL38CI4SVM3ECRFS791ENFKKKCV,Approved,33.0,7,Google photos,None
302OLP89DZ7NN67WPMAGQ3G6WXICAQ,( None), ( Christian Hospital; 11133 Dunn Rd),( eval_secondary_pred),3J4Q2Z4UTY3QB4ICLBC5HHXZ66VQW3,Approved,138.0,10,https://www.christianhospital.org/Patients-Visitors/Maps-and-Directions,None
302OLP89DZ7NN67WPMAGQ3G6WXICAQ,( None), ( Christian Hospital; 11133 Dunn Rd),( eval_secondary_pred),3B2X28YI3WF5DJ1HBB2BOY3NW426B7,Approved,147.0,9,google images,None
302OLP89DZ7NN67WPMAGQ3G6WXICAQ,( None), ( Christian Hospital; 11133 Dunn Rd),( eval_secondary_pred),3QUO65DNQUOAYOGRBY50AOH26P3OUV,Approved,13.0,7,google,None
36FFXPMST9O36ICDLXTZ2PXRY6RHO3,( None), ( St. Luke's Vascular Access Center; 10435 Clayton Rd #200),( eval_secondary_pred),3G2UL9A02DEIB7YRYUQVJWHRDDQ76Z,Approved,175.0,8,"Google Street View, no map on their website.",None
36FFXPMST9O36ICDLXTZ2PXRY6RHO3,( None), ( St. Luke's Vascular Access Center; 10435 Clayton Rd #200),( eval_secondary_pred),39DD6S19JPB58WXCN71CM42344UZE7,Approved,70.0,2,Google maps,None
36FFXPMST9O36ICDLXTZ2PXRY6RHO3,( None), ( St. Luke's Vascular Access Center; 10435 Clayton Rd #200),( eval_secondary_pred),3YDTZAI2WXGQLYFBQQG7LO60E0P41J,Approved,113.0,3,https://www.stlukes-stl.com/services/vascular-access/index.html,None
36FFXPMST9O36ICDLXTZ2PXRY6RHO3,( None), ( St. Luke's Vascular Access Center; 10435 Clayton Rd #200),( eval_secondary_pred),3Z4AIRP3C6DHJ03LA1ICIZ3Y7W21X5,Approved,234.0,3,"Their website, opened their map of floors.",None
36FFXPMST9O36ICDLXTZ2PXRY6RHO3,( None), ( St. Luke's Vascular Access Center; 10435 Clayton Rd #200),( eval_secondary_pred),3LOTDFNYA7ZTKFS37V1B5ITLZ4KWFD,Approved,443.0,200,google and facility website,I am basing my the 2 floors answer off pictures of the building and the fact that it is suite 200 which usually means on the 2nd floor.
36FFXPMST9O36ICDLXTZ2PXRY6RHO3,( None), ( St. Luke's Vascular Access Center; 10435 Clayton Rd #200),( eval_secondary_pred),3HMIGG0U4L6OU5DGEIDTGNXFN88Y8Y,Approved,38.0,8,Google photos,None
36FFXPMST9O36ICDLXTZ2PXRY6RHO3,( None), ( St. Luke's Vascular Access Center; 10435 Clayton Rd #200),( eval_secondary_pred),3H7Z272LX77P0Y5YHKQE81Q9334PLH,Approved,642.0,8,google images,None
36FFXPMST9O36ICDLXTZ2PXRY6RHO3,( None), ( St. Luke's Vascular Access Center; 10435 Clayton Rd #200),( eval_secondary_pred),3STRJBFXOWRC8KGND1NXYBER36MKTG,Approved,148.0,1,https://www.stlukes-stl.com/location/vascular-access-center.html This appears to be a single suite in a larger hospital.,None
36FFXPMST9O36ICDLXTZ2PXRY6RHO3,( None), ( St. Luke's Vascular Access Center; 10435 Clayton Rd #200),( eval_secondary_pred),38YMOXR4MUZX1MZS62Y7BCG865KW6D,Approved,103.0,6,google,None
379OL9DBSSEMLQYWT8E5RZX5T3IY95,( None), ( Ranken Jordan Pediatric Bridge Hospital; 11365 Dorsett Rd),( eval_secondary_pred),3SLE99ER0ND71TLSDGZMLWWI17EZB4,Approved,284.0,2,Google Maps{{NEWENTRY}}{{NEWENTRY}}https://rankenjordan.org/{{NEWENTRY}}{{NEWENTRY}}https://en.wikipedia.org/wiki/Ranken_Jordan_Pediatric_Bridge_Hospital{{NEWENTRY}}{{NEWENTRY}}https://www.stltoday.com/business/local/ranken-jordan-pediatric-bridge-hospital-doubles-in-size-to-help/article_2d92f864-e1b9-5db0-b7fa-981555a300b0.html,None
379OL9DBSSEMLQYWT8E5RZX5T3IY95,( None), ( Ranken Jordan Pediatric Bridge Hospital; 11365 Dorsett Rd),( eval_secondary_pred),3S4AW7T80BI3B5JFJ0YQ53FEC6QL42,Approved,66.0,3,"Google street view, No map on the website. I am not sure about this number, it wasn't clear where the floors started and end.",None
379OL9DBSSEMLQYWT8E5RZX5T3IY95,( None), ( Ranken Jordan Pediatric Bridge Hospital; 11365 Dorsett Rd),( eval_secondary_pred),35K3O9HUABDZ3F6CMV75JCMLSZ0FEZ,Approved,128.0,3,google images,Tricky to find made my best guess
379OL9DBSSEMLQYWT8E5RZX5T3IY95,( None), ( Ranken Jordan Pediatric Bridge Hospital; 11365 Dorsett Rd),( eval_secondary_pred),37UQDCYH6XV3QXDSZ2Y3VOXQU6L7VU,Approved,64.0,3,Google maps,None
379OL9DBSSEMLQYWT8E5RZX5T3IY95,( None), ( Ranken Jordan Pediatric Bridge Hospital; 11365 Dorsett Rd),( eval_secondary_pred),3DZQRBDBSLF5XMV13VQ87K13Q1E3SR,Approved,110.0,4,Google map and their website.,"I'm guessing on this one, can't find anything confirming 4 floors, but that's what it looks like."
379OL9DBSSEMLQYWT8E5RZX5T3IY95,( None), ( Ranken Jordan Pediatric Bridge Hospital; 11365 Dorsett Rd),( eval_secondary_pred),39LNWE0K4UW0225OD3SVQRLGUG3UI5,Approved,295.0,3,"I found the website and used a photo to determine the number of floors. I also reviewed a news article about the expansion of the hospital, but could not find the exact number of floors listed. Based on the image, though, there are 3.",None
379OL9DBSSEMLQYWT8E5RZX5T3IY95,( None), ( Ranken Jordan Pediatric Bridge Hospital; 11365 Dorsett Rd),( eval_secondary_pred),3K772S5NP8BJHBXIHLV5MXYY8FVEHG,Approved,105.0,2,google images,None
379OL9DBSSEMLQYWT8E5RZX5T3IY95,( None), ( Ranken Jordan Pediatric Bridge Hospital; 11365 Dorsett Rd),( eval_secondary_pred),382M9COHEHFOMX32HK245CNO2NXEUH,Approved,12.0,4,bing,None
379OL9DBSSEMLQYWT8E5RZX5T3IY95,( None), ( Ranken Jordan Pediatric Bridge Hospital; 11365 Dorsett Rd),( eval_secondary_pred),3YGXWBAF70HA81P96N5R2KPRIYZ4CU,Approved,172.0,2,Google Maps,None
3O71U79SRBP4WO5HJBQLEZFOCHTSMK,( None), ( VA St. Louis Health Care System; 915 N Grand Blvd),( eval_secondary_pred),3ZPPDN2SLVWQ25FZJ97D9G0AP11E92,Approved,79.0,9,Google maps Street view,None
3O71U79SRBP4WO5HJBQLEZFOCHTSMK,( None), ( VA St. Louis Health Care System; 915 N Grand Blvd),( eval_secondary_pred),3UNH76FOCS53FUFK8JNCL5YA7CHYM4,Approved,47.0,8,Google maps,None
3O71U79SRBP4WO5HJBQLEZFOCHTSMK,( None), ( VA St. Louis Health Care System; 915 N Grand Blvd),( eval_secondary_pred),32SVAV9L3F91XQ97MV4HMK7X4UYA3R,Approved,104.0,8,https://www.stlouis.va.gov/,None
3O71U79SRBP4WO5HJBQLEZFOCHTSMK,( None), ( VA St. Louis Health Care System; 915 N Grand Blvd),( eval_secondary_pred),35GCEFQ6I5O2YYHFYNKG3DY6DG93ZR,Approved,129.0,10,Looked at picture of building on google.,"Pretty straightforward task, just looked at building and counted the floors."
3O71U79SRBP4WO5HJBQLEZFOCHTSMK,( None), ( VA St. Louis Health Care System; 915 N Grand Blvd),( eval_secondary_pred),3Z7ISHFUH0VOZVNLA4FCUU6HT248ZR,Approved,36.0,8,google images,None
3O71U79SRBP4WO5HJBQLEZFOCHTSMK,( None), ( VA St. Louis Health Care System; 915 N Grand Blvd),( eval_secondary_pred),3ZY8KE4ISJ3DWFI7V179VFELZXRQVR,Approved,31.0,8,Google photos,None
3O71U79SRBP4WO5HJBQLEZFOCHTSMK,( None), ( VA St. Louis Health Care System; 915 N Grand Blvd),( eval_secondary_pred),3DHE4R9OCWBDMZQR4VIMZWD8WCSG2H,Approved,200.0,9,google images,None
3O71U79SRBP4WO5HJBQLEZFOCHTSMK,( None), ( VA St. Louis Health Care System; 915 N Grand Blvd),( eval_secondary_pred),3MTMREQS4VIYOOBVWFFJRHIU2OAWA3,Approved,16.0,7,bing,None
3O71U79SRBP4WO5HJBQLEZFOCHTSMK,( None), ( VA St. Louis Health Care System; 915 N Grand Blvd),( eval_secondary_pred),39LNWE0K4UW0225OD3SVQRLGUG4UI6,Approved,395.0,9,https://www.stlouis.va.gov/locations/JC-WayFinding.pdf,this took a while to answer
3SCKNODZ0XGOV86P797AWN8SUTQN7S,( None), ( SSM Health Medical Group; 916 Olive St),( eval_secondary_pred),35L9RVQFCOI067U47LAAQFK1U26UHS,Approved,97.0,4,"Google Street View, No map",None of these healthcare facilities seem to have building maps.
3SCKNODZ0XGOV86P797AWN8SUTQN7S,( None), ( SSM Health Medical Group; 916 Olive St),( eval_secondary_pred),3TXMY6UCAEOHX6C74KC45NQWEPVQCA,Approved,152.0,4,"https://www.google.com/maps/uv?hl=en&pb=!1s0x87d8b319ac6d8bcf:0xce07a052192f0a56!2m22!2m2!1i80!2i80!3m1!2i20!16m16!1b1!2m2!1m1!1e1!2m2!1m1!1e3!2m2!1m1!1e5!2m2!1m1!1e4!2m2!1m1!1e6!3m1!7e115!4s/maps/place/SSM%2BHealth%2BMedical%2BGroup%2Bst%2Blouis%2Bolive%2Bst/@38.6290353,-90.1942216,3a,75y,206.31h,90t/data%3D*213m4*211e1*213m2*211s0_ncMqMywm85KbyMHq9nxg*212e0*214m2*213m1*211s0x87d8b319ac6d8bcf:0xce07a052192f0a56?sa%3DX!5sSSM+Health+Medical+Group+st+louis+olive+st+-+Google+Search&imagekey=!1e2!2s0_ncMqMywm85KbyMHq9nxg&sa=X&ved=2ahUKEwio0tLB54LjAhWTW80KHaj7ACUQpx8wCnoECA8QBg",None
3SCKNODZ0XGOV86P797AWN8SUTQN7S,( None), ( SSM Health Medical Group; 916 Olive St),( eval_secondary_pred),39ASUFLU6X7G31XXMPDRPJMSW4WXE8,Approved,71.0,4,Google maps,None
3SCKNODZ0XGOV86P797AWN8SUTQN7S,( None), ( SSM Health Medical Group; 916 Olive St),( eval_secondary_pred),3ZQIG0FLQEGIGCET7A6FN4W7NXTWVK,Approved,469.0,1,google directions,is not a hospital this is an urgent care.
3SCKNODZ0XGOV86P797AWN8SUTQN7S,( None), ( SSM Health Medical Group; 916 Olive St),( eval_secondary_pred),3XLBSAQ9Z4CKZHI20ZN6GUAMIIX7Z2,Approved,46.0,4,Google maps,None
3SCKNODZ0XGOV86P797AWN8SUTQN7S,( None), ( SSM Health Medical Group; 916 Olive St),( eval_secondary_pred),3XXU1SWE8MV5GYAA38MYKM9Q1JQA0A,Approved,354.0,1,"Internet image, Google Maps",None
3SCKNODZ0XGOV86P797AWN8SUTQN7S,( None), ( SSM Health Medical Group; 916 Olive St),( eval_secondary_pred),3KXIR214I4GXAJX79UGLQ7G567H42G,Approved,425.0,4,loopnet.com,None
3SCKNODZ0XGOV86P797AWN8SUTQN7S,( None), ( SSM Health Medical Group; 916 Olive St),( eval_secondary_pred),37Z929RLG98AW3TVIAWZPX51K0YST4,Approved,21.0,6,Google photos,None
3SCKNODZ0XGOV86P797AWN8SUTQN7S,( None), ( SSM Health Medical Group; 916 Olive St),( eval_secondary_pred),3AUQQEL7U5TP8MD8E3DUG9N3MTW0V6,Approved,151.0,1,https://www.ssmhealth.com/about/about-ssm-health-medical-group,None