Hotel,Address,Question
Hyatt Regency St. Louis at The Arch ,"315 Chestnut Street, St Louis, MO, 63102, USA",Does this hotel have a gym?
Residence Inn St Louis,"525 South Jefferson Avenue, St Louis, MO, 63103, USA",Does this hotel have a gym?
Parkway,"4550 Forest Park Avenue, St Louis, MO, 63108, USA",Does this hotel have a gym?
Marriott St. Louis Grand,"800 Washington Avenue, St Louis, MO, 63101, USA",Does this hotel have a gym?
Drury Plaza at the Arch,"2 South 4th Street, St Louis, MO, 63102, USA",Does this hotel have a gym?
Hampton Inn St Louis Downtown,"333 Washington Avenue, St Louis, MO, 63102, USA",Does this hotel have a gym?
Four Seasons Saint Louis,"999 North Second Street, St Louis, MO, 63102, USA",Does this hotel have a gym?
Hilton St. Louis at the Ballpark,"One South Broadway, St Louis, MO, 63102, USA",Does this hotel have a gym?
St. Louis City Center Hotel,"400 South 14th Street, St Louis, MO, 63103, USA",Does this hotel have a gym?
The Chase Park Plaza,"212 North Kingshighway, St Louis, MO, 63108, USA",Does this hotel have a gym?
DoubleTree by Hilton St Louis Union Station,"1820 Market Street, St Louis, MO, 63103, USA",Does this hotel have a gym?
Crowne Plaza St. Louis - Downtown,"200 North Fourth St., St Louis, MO, 63102, USA",Does this hotel have a gym?
Hilton Saint Louis Airport,"10330 Natural Bridge Road, St Louis, MO, 63134, USA",Does this hotel have a gym?
The Westin St Louis,"811 Spruce Street, St Louis, MO, 63102, USA",Does this hotel have a gym?
Hilton St. Louis Downtown at the Arch,"400 Olive Street, St Louis, MO, 63102, USA",Does this hotel have a gym?
Holiday Inn St. Louis - Downtown Conv Ctr,"811 N. 9th Street, St Louis, MO, 63101, USA",Does this hotel have a gym?
Comfort Inn St Louis - Westport,"12031 Lackland Road, St Louis, MO, 63146, USA",Does this hotel have a gym?
Drury Inn & Suites St. Louis Convention Center,"711 North Broadway, St Louis, MO, 63102, USA",Does this hotel have a gym?
Embassy Suites St. Louis - Downtown,"610 N 7th St, St. Louis, MO 63101",Does this hotel have a gym?
Pear Tree Inn St. Louis Near Union Station,"2211 Market Street, St Louis, MO, 63103, USA",Does this hotel have a gym?
Hampton Inn & Suites Saint Louis at Forest Park,"5650 Oakland Avenue, St Louis, MO, 63110, USA",Does this hotel have a gym?
Red Roof Inn St Louis - Forest Park Hampton Avenue,"5823 Wilson Avenue, St Louis, MO, 63110 , USA",Does this hotel have a gym?
Courtyard St Louis Downtown,"2340 Market Street, St Louis, MO, 63103, USA",Does this hotel have a gym?
Drury Inn Saint Louis Union Station,"201 South 20th Street, St Louis, MO, 63103, USA",Does this hotel have a gym?
Hampton Inn & Suites St Louis - South I-55,"4200 MidAmerica Lane, St Louis, MO, 63129, USA",Does this hotel have a gym?
Magnolia St. Louis,"421 North 8th Street, St Louis, MO, 63101, USA",Does this hotel have a gym?
Moonrise,"6177 Delmar in The Loop, St Louis, MO, 63112, USA",Does this hotel have a gym?
Holiday Inn Express St Louis,"2625 Lafayette, St Louis, MO, 63104, USA",Does this hotel have a gym?
Courtyard Saint Louis Westport Plaza,"11888 Westline Industrial Drive, St Louis, MO, 63146, USA",Does this hotel have a gym?
Missouri Athletic Club,"405 Washington Avenue, St Louis, MO, 63102, USA",Does this hotel have a gym?
Best Western Kirkwood Inn,"1200 South Kirkwood Road, St Louis, MO, 63122, USA",Does this hotel have a gym?
Marriott St Louis Airport,"10700 Pear Tree Lane, St Louis, MO, 63134, USA",Does this hotel have a gym?
Hawthorn Suites by Wyndham St Louis Westport Plaza,"1881 Craigshire Road, St Louis, MO, 63146, USA",Does this hotel have a gym?
Renaissance St Louis Airport,"9801 Natural Bridge Road, St Louis, MO, 63134, USA",Does this hotel have a gym?
Best Western St Louis Inn,"6224 Heimos Industrial Park Drive, St Louis, MO, 63129, USA",Does this hotel have a gym?
Marriott St. Louis West,"660 Maryville Centre Drive, St Louis, MO, 63141, USA",Does this hotel have a gym?
River City,"777 River City Casino Blvd, St Louis, MO, 63125, USA",Does this hotel have a gym?
Holiday Inn Express St. Louis Airport - Riverport,"13735 Riverport Drive, St Louis, MO, 63043, USA",Does this hotel have a gym?
Pear Tree Inn St. Louis Airport,"10810 Pear Tree Lane, St Louis, MO, 63074, USA",Does this hotel have a gym?
Courtyard By Marriott St Louis Downtown Convention Center,"827 Washington Ave, St Louis, MO, 63101, USA",Does this hotel have a gym?
The Cheshire,"6300 Clayton Road, St Louis, MO, 63117, USA",Does this hotel have a gym?
Days Inn Downtown St Louis,"2810 North 9th Street, St Louis, MO, 63147, USA",Does this hotel have a gym?
Courtyard St Louis Airport - Earth City,"3101 Rider Trail South, St Louis, MO, 63044, USA",Does this hotel have a gym?
Days Inn St Louis Westport MO,"1970 Craig Road, St Louis, MO, 63146, USA",Does this hotel have a gym?
Fleur-De-Lys Mansion,"3500 Russell Boulevard, St Louis, MO, 63104, USA",Does this hotel have a gym?
Americas Best Value Inn-St. Louis Downtown,"1100 Lumiere Blvd, St Louis, MO, 63102, USA",Does this hotel have a gym?
Holiday Inn St. Louis - Forest Park,"5915 Wilson Avenue, St Louis, MO, 63110, USA",Does this hotel have a gym?
Ignacio,"3411 Olive, St Louis, MO, 63103, USA",Does this hotel have a gym?
Hampton Inn St Louis-Airport,"10820 Pear Tree Lane, St Louis, MO, 63074, USA",Does this hotel have a gym?
Sonesta ES Suites St. Louis,"1855 Craigshire Road, St Louis, MO, 63146, USA",Does this hotel have a gym?
Residence Inn St Louis Galleria,"8011 Galleria Parkway, St Louis, MO, 63117, USA",Does this hotel have a gym?
Sheraton Westport Chalet Saint Louis,"191 Westport Plaza, St Louis, MO, 63146, USA",Does this hotel have a gym?
Holiday Inn St Louis-South County Center,"6921 S Lindbergh Blvd, St Louis, MO, 63125, USA",Does this hotel have a gym?
Holiday Inn St Louis SW - Route66,"10709 Watson Rd., St Louis, MO, 63127, USA",Does this hotel have a gym?
Hampton Inn Saint Louis - Sunset Hills,"1580 South Kirkwood Road, St Louis, MO, 63127, USA",Does this hotel have a gym?
Drury Inn Saint Louis Airport,"10490 Natural Bridge Road, St Louis, MO, 63134, USA",Does this hotel have a gym?
Drury Inn & Suites Near Forest Park,"2111 Sulphur Avenue, St Louis, MO, 63139, USA",Does this hotel have a gym?
Days Inn Saint Louis - Lindbergh Boulevard,"3654 South Lindbergh Boulevard, St Louis, MO, 63127, USA",Does this hotel have a gym?
SpringHill Suites St Louis Airport-Earth City,"3099 Rider Trail South , St Louis, MO, 63044, USA",Does this hotel have a gym?
Holiday Inn Saint Louis-Airport - Oakland PK,"4505 Woodson Road, St Louis, MO, 63134, USA",Does this hotel have a gym?
Hilton St Louis Frontenac,"1335 South Lindbergh Boulevard, St Louis, MO, 63131, USA",Does this hotel have a gym?
Sheraton Westport Plaza,"900 Westport Plaza, St Louis, MO, 63146, USA",Does this hotel have a gym?
Clayton Plaza,"7750 CARONDELET AVENUE, St Louis, MO, 63105, USA",Does this hotel have a gym?
Comfort Inn Central West End,"4630 Lindell Boulevard, St Louis, MO, 63108, USA",Does this hotel have a gym?
Hilton Garden Inn Saint Louis Airport,"4450 Evans Place, St Louis, MO, 63134 , USA",Does this hotel have a gym?
Sheraton Clayton Plaza Saint Louis,"7730 Bonhomme Avenue, St Louis, MO, 63105, USA",Does this hotel have a gym?
Doubletree St Louis at Westport,"1973 Craigshire Road, St Louis, MO, 63146, USA",Does this hotel have a gym?
Lehmann House,"10 Benton Place, St Louis, MO, 63104, USA",Does this hotel have a gym?
Quality Inn Airport,"10232 Natural Bridge Road, St Louis, MO, 631341, USA",Does this hotel have a gym?
Extended Stay America - St. Louis - Westport - Central,"12161 Lackland Road, St Louis, MO, 63146, USA",Does this hotel have a gym?
Home2 Suites By Hilton St. Louis/Forest Park,"920 S. TAYLOR AVENUE, St Louis, MO, 63110, USA",Does this hotel have a gym?
Napoleon's Retreat,"1815 Lafayette Avenue, St Louis, MO, 63104, USA",Does this hotel have a gym?
Motel 6 St Louis - Airport,"4576 Woodson Road, St Louis, MO, 63134, USA",Does this hotel have a gym?
Lodge At Grants Trail,"4398 Hoffmeister Ave, St Louis, MO, 63125, USA",Does this hotel have a gym?
Extended Stay America - St. Louis - Westport - Craig Road,"2030 Craig Road, St Louis, MO, 63146, USA",Does this hotel have a gym?
Grand Center Inn,"3716 Grandel Square, St Louis, MO, 63108, USA",Does this hotel have a gym?
Americas Best Value Inn St. Louis,"1405 Dunn Road, St Louis, MO, 63138, USA",Does this hotel have a gym?
Candlewood Suites Saint Louis,"3250 Rider Trail South, St Louis, MO, 63045, USA",Does this hotel have a gym?
Lumiere Place Casino and Hotel,"901 N 1st St 901, St Louis, MO, 63102, USA",Does this hotel have a gym?
Super 8 St Louis Airport,"9798 Saint Charles Rock Road, St Louis, MO, 63114, USA",Does this hotel have a gym?
Homewood Suites By Hilton St Louis Galleria,"8040 CLAYTON ROAD RICHMOND HEIGHTS, St Louis, MO, 63117, USA",Does this hotel have a gym?
Avyan,"2625 Lafayette Ave, St Louis, MO, 63104, United States",Does this hotel have a gym?
Econo Lodge Southwest,"3730 South Lindbergh Boulevard, St Louis, MO, 63127, USA",Does this hotel have a gym?
Holiday Inn Airport West Earth City,"3400 Rider Trail South, St Louis, MO, 63045, USA",Does this hotel have a gym?
Red Roof Inn St Louis Westport,"11837 Lackland Road, St Louis, MO, 63146, USA",Does this hotel have a gym?
Americas Best Value Inn Saint Louis South,"6602 South Lindbergh Boulevard, St Louis, MO, 63123, USA",Does this hotel have a gym?
Americas Best Value Inn St Louis Airport,"4545 Woodson Road, St Louis, MO, 63134, USA",Does this hotel have a gym?
Homewood Suites by Hilton St. Louis Riverport,"13639 Riverport Dr, St Louis, MO, 63043, USA",Does this hotel have a gym?
Forget-Me-Not Bed And Breakfast,"2712 S Compton Ave, St Louis, MO, 63118, USA",Does this hotel have a gym?
The Ritz-Carlton - St. Louis,"100 Carondelet Plaza, St. Louis, MO 63105",Does this hotel have a gym?
Hyatt Regency St. Louis at The Arch ,"315 Chestnut Street, St Louis, MO, 63102, USA",Does this hotel cost over $80 a night?
Residence Inn St Louis,"525 South Jefferson Avenue, St Louis, MO, 63103, USA",Does this hotel cost over $80 a night?
Parkway,"4550 Forest Park Avenue, St Louis, MO, 63108, USA",Does this hotel cost over $80 a night?
Marriott St. Louis Grand,"800 Washington Avenue, St Louis, MO, 63101, USA",Does this hotel cost over $80 a night?
Drury Plaza at the Arch,"2 South 4th Street, St Louis, MO, 63102, USA",Does this hotel cost over $80 a night?
Hampton Inn St Louis Downtown,"333 Washington Avenue, St Louis, MO, 63102, USA",Does this hotel cost over $80 a night?
Four Seasons Saint Louis,"999 North Second Street, St Louis, MO, 63102, USA",Does this hotel cost over $80 a night?
Hilton St. Louis at the Ballpark,"One South Broadway, St Louis, MO, 63102, USA",Does this hotel cost over $80 a night?
St. Louis City Center Hotel,"400 South 14th Street, St Louis, MO, 63103, USA",Does this hotel cost over $80 a night?
The Chase Park Plaza,"212 North Kingshighway, St Louis, MO, 63108, USA",Does this hotel cost over $80 a night?
DoubleTree by Hilton St Louis Union Station,"1820 Market Street, St Louis, MO, 63103, USA",Does this hotel cost over $80 a night?
Crowne Plaza St. Louis - Downtown,"200 North Fourth St., St Louis, MO, 63102, USA",Does this hotel cost over $80 a night?
Hilton Saint Louis Airport,"10330 Natural Bridge Road, St Louis, MO, 63134, USA",Does this hotel cost over $80 a night?
The Westin St Louis,"811 Spruce Street, St Louis, MO, 63102, USA",Does this hotel cost over $80 a night?
Hilton St. Louis Downtown at the Arch,"400 Olive Street, St Louis, MO, 63102, USA",Does this hotel cost over $80 a night?
Holiday Inn St. Louis - Downtown Conv Ctr,"811 N. 9th Street, St Louis, MO, 63101, USA",Does this hotel cost over $80 a night?
Comfort Inn St Louis - Westport,"12031 Lackland Road, St Louis, MO, 63146, USA",Does this hotel cost over $80 a night?
Drury Inn & Suites St. Louis Convention Center,"711 North Broadway, St Louis, MO, 63102, USA",Does this hotel cost over $80 a night?
Embassy Suites St. Louis - Downtown,"610 N 7th St, St. Louis, MO 63101",Does this hotel cost over $80 a night?
Pear Tree Inn St. Louis Near Union Station,"2211 Market Street, St Louis, MO, 63103, USA",Does this hotel cost over $80 a night?
Hampton Inn & Suites Saint Louis at Forest Park,"5650 Oakland Avenue, St Louis, MO, 63110, USA",Does this hotel cost over $80 a night?
Red Roof Inn St Louis - Forest Park Hampton Avenue,"5823 Wilson Avenue, St Louis, MO, 63110 , USA",Does this hotel cost over $80 a night?
Courtyard St Louis Downtown,"2340 Market Street, St Louis, MO, 63103, USA",Does this hotel cost over $80 a night?
Drury Inn Saint Louis Union Station,"201 South 20th Street, St Louis, MO, 63103, USA",Does this hotel cost over $80 a night?
Hampton Inn & Suites St Louis - South I-55,"4200 MidAmerica Lane, St Louis, MO, 63129, USA",Does this hotel cost over $80 a night?
Magnolia St. Louis,"421 North 8th Street, St Louis, MO, 63101, USA",Does this hotel cost over $80 a night?
Moonrise,"6177 Delmar in The Loop, St Louis, MO, 63112, USA",Does this hotel cost over $80 a night?
Holiday Inn Express St Louis,"2625 Lafayette, St Louis, MO, 63104, USA",Does this hotel cost over $80 a night?
Courtyard Saint Louis Westport Plaza,"11888 Westline Industrial Drive, St Louis, MO, 63146, USA",Does this hotel cost over $80 a night?
Missouri Athletic Club,"405 Washington Avenue, St Louis, MO, 63102, USA",Does this hotel cost over $80 a night?
Best Western Kirkwood Inn,"1200 South Kirkwood Road, St Louis, MO, 63122, USA",Does this hotel cost over $80 a night?
Marriott St Louis Airport,"10700 Pear Tree Lane, St Louis, MO, 63134, USA",Does this hotel cost over $80 a night?
Hawthorn Suites by Wyndham St Louis Westport Plaza,"1881 Craigshire Road, St Louis, MO, 63146, USA",Does this hotel cost over $80 a night?
Renaissance St Louis Airport,"9801 Natural Bridge Road, St Louis, MO, 63134, USA",Does this hotel cost over $80 a night?
Best Western St Louis Inn,"6224 Heimos Industrial Park Drive, St Louis, MO, 63129, USA",Does this hotel cost over $80 a night?
Marriott St. Louis West,"660 Maryville Centre Drive, St Louis, MO, 63141, USA",Does this hotel cost over $80 a night?
River City,"777 River City Casino Blvd, St Louis, MO, 63125, USA",Does this hotel cost over $80 a night?
Holiday Inn Express St. Louis Airport - Riverport,"13735 Riverport Drive, St Louis, MO, 63043, USA",Does this hotel cost over $80 a night?
Pear Tree Inn St. Louis Airport,"10810 Pear Tree Lane, St Louis, MO, 63074, USA",Does this hotel cost over $80 a night?
Courtyard By Marriott St Louis Downtown Convention Center,"827 Washington Ave, St Louis, MO, 63101, USA",Does this hotel cost over $80 a night?
The Cheshire,"6300 Clayton Road, St Louis, MO, 63117, USA",Does this hotel cost over $80 a night?
Days Inn Downtown St Louis,"2810 North 9th Street, St Louis, MO, 63147, USA",Does this hotel cost over $80 a night?
Courtyard St Louis Airport - Earth City,"3101 Rider Trail South, St Louis, MO, 63044, USA",Does this hotel cost over $80 a night?
Days Inn St Louis Westport MO,"1970 Craig Road, St Louis, MO, 63146, USA",Does this hotel cost over $80 a night?
Fleur-De-Lys Mansion,"3500 Russell Boulevard, St Louis, MO, 63104, USA",Does this hotel cost over $80 a night?
Americas Best Value Inn-St. Louis Downtown,"1100 Lumiere Blvd, St Louis, MO, 63102, USA",Does this hotel cost over $80 a night?
Holiday Inn St. Louis - Forest Park,"5915 Wilson Avenue, St Louis, MO, 63110, USA",Does this hotel cost over $80 a night?
Ignacio,"3411 Olive, St Louis, MO, 63103, USA",Does this hotel cost over $80 a night?
Hampton Inn St Louis-Airport,"10820 Pear Tree Lane, St Louis, MO, 63074, USA",Does this hotel cost over $80 a night?
Sonesta ES Suites St. Louis,"1855 Craigshire Road, St Louis, MO, 63146, USA",Does this hotel cost over $80 a night?
Residence Inn St Louis Galleria,"8011 Galleria Parkway, St Louis, MO, 63117, USA",Does this hotel cost over $80 a night?
Sheraton Westport Chalet Saint Louis,"191 Westport Plaza, St Louis, MO, 63146, USA",Does this hotel cost over $80 a night?
Holiday Inn St Louis-South County Center,"6921 S Lindbergh Blvd, St Louis, MO, 63125, USA",Does this hotel cost over $80 a night?
Holiday Inn St Louis SW - Route66,"10709 Watson Rd., St Louis, MO, 63127, USA",Does this hotel cost over $80 a night?
Hampton Inn Saint Louis - Sunset Hills,"1580 South Kirkwood Road, St Louis, MO, 63127, USA",Does this hotel cost over $80 a night?
Drury Inn Saint Louis Airport,"10490 Natural Bridge Road, St Louis, MO, 63134, USA",Does this hotel cost over $80 a night?
Drury Inn & Suites Near Forest Park,"2111 Sulphur Avenue, St Louis, MO, 63139, USA",Does this hotel cost over $80 a night?
Days Inn Saint Louis - Lindbergh Boulevard,"3654 South Lindbergh Boulevard, St Louis, MO, 63127, USA",Does this hotel cost over $80 a night?
SpringHill Suites St Louis Airport-Earth City,"3099 Rider Trail South , St Louis, MO, 63044, USA",Does this hotel cost over $80 a night?
Holiday Inn Saint Louis-Airport - Oakland PK,"4505 Woodson Road, St Louis, MO, 63134, USA",Does this hotel cost over $80 a night?
Hilton St Louis Frontenac,"1335 South Lindbergh Boulevard, St Louis, MO, 63131, USA",Does this hotel cost over $80 a night?
Sheraton Westport Plaza,"900 Westport Plaza, St Louis, MO, 63146, USA",Does this hotel cost over $80 a night?
Clayton Plaza,"7750 CARONDELET AVENUE, St Louis, MO, 63105, USA",Does this hotel cost over $80 a night?
Comfort Inn Central West End,"4630 Lindell Boulevard, St Louis, MO, 63108, USA",Does this hotel cost over $80 a night?
Hilton Garden Inn Saint Louis Airport,"4450 Evans Place, St Louis, MO, 63134 , USA",Does this hotel cost over $80 a night?
Sheraton Clayton Plaza Saint Louis,"7730 Bonhomme Avenue, St Louis, MO, 63105, USA",Does this hotel cost over $80 a night?
Doubletree St Louis at Westport,"1973 Craigshire Road, St Louis, MO, 63146, USA",Does this hotel cost over $80 a night?
Lehmann House,"10 Benton Place, St Louis, MO, 63104, USA",Does this hotel cost over $80 a night?
Quality Inn Airport,"10232 Natural Bridge Road, St Louis, MO, 631341, USA",Does this hotel cost over $80 a night?
Extended Stay America - St. Louis - Westport - Central,"12161 Lackland Road, St Louis, MO, 63146, USA",Does this hotel cost over $80 a night?
Home2 Suites By Hilton St. Louis/Forest Park,"920 S. TAYLOR AVENUE, St Louis, MO, 63110, USA",Does this hotel cost over $80 a night?
Napoleon's Retreat,"1815 Lafayette Avenue, St Louis, MO, 63104, USA",Does this hotel cost over $80 a night?
Motel 6 St Louis - Airport,"4576 Woodson Road, St Louis, MO, 63134, USA",Does this hotel cost over $80 a night?
Lodge At Grants Trail,"4398 Hoffmeister Ave, St Louis, MO, 63125, USA",Does this hotel cost over $80 a night?
Extended Stay America - St. Louis - Westport - Craig Road,"2030 Craig Road, St Louis, MO, 63146, USA",Does this hotel cost over $80 a night?
Grand Center Inn,"3716 Grandel Square, St Louis, MO, 63108, USA",Does this hotel cost over $80 a night?
Americas Best Value Inn St. Louis,"1405 Dunn Road, St Louis, MO, 63138, USA",Does this hotel cost over $80 a night?
Candlewood Suites Saint Louis,"3250 Rider Trail South, St Louis, MO, 63045, USA",Does this hotel cost over $80 a night?
Lumiere Place Casino and Hotel,"901 N 1st St 901, St Louis, MO, 63102, USA",Does this hotel cost over $80 a night?
Super 8 St Louis Airport,"9798 Saint Charles Rock Road, St Louis, MO, 63114, USA",Does this hotel cost over $80 a night?
Homewood Suites By Hilton St Louis Galleria,"8040 CLAYTON ROAD RICHMOND HEIGHTS, St Louis, MO, 63117, USA",Does this hotel cost over $80 a night?
Avyan,"2625 Lafayette Ave, St Louis, MO, 63104, United States",Does this hotel cost over $80 a night?
Econo Lodge Southwest,"3730 South Lindbergh Boulevard, St Louis, MO, 63127, USA",Does this hotel cost over $80 a night?
Holiday Inn Airport West Earth City,"3400 Rider Trail South, St Louis, MO, 63045, USA",Does this hotel cost over $80 a night?
Red Roof Inn St Louis Westport,"11837 Lackland Road, St Louis, MO, 63146, USA",Does this hotel cost over $80 a night?
Americas Best Value Inn Saint Louis South,"6602 South Lindbergh Boulevard, St Louis, MO, 63123, USA",Does this hotel cost over $80 a night?
Americas Best Value Inn St Louis Airport,"4545 Woodson Road, St Louis, MO, 63134, USA",Does this hotel cost over $80 a night?
Homewood Suites by Hilton St. Louis Riverport,"13639 Riverport Dr, St Louis, MO, 63043, USA",Does this hotel cost over $80 a night?
Forget-Me-Not Bed And Breakfast,"2712 S Compton Ave, St Louis, MO, 63118, USA",Does this hotel cost over $80 a night?
The Ritz-Carlton - St. Louis,"100 Carondelet Plaza, St. Louis, MO 63105",Does this hotel cost over $80 a night?
Hyatt Regency St. Louis at The Arch ,"315 Chestnut Street, St Louis, MO, 63102, USA",Is this hotel in a safe part of town (e.g. with low crime rates)?
Residence Inn St Louis,"525 South Jefferson Avenue, St Louis, MO, 63103, USA",Is this hotel in a safe part of town (e.g. with low crime rates)?
Parkway,"4550 Forest Park Avenue, St Louis, MO, 63108, USA",Is this hotel in a safe part of town (e.g. with low crime rates)?
Marriott St. Louis Grand,"800 Washington Avenue, St Louis, MO, 63101, USA",Is this hotel in a safe part of town (e.g. with low crime rates)?
Drury Plaza at the Arch,"2 South 4th Street, St Louis, MO, 63102, USA",Is this hotel in a safe part of town (e.g. with low crime rates)?
Hampton Inn St Louis Downtown,"333 Washington Avenue, St Louis, MO, 63102, USA",Is this hotel in a safe part of town (e.g. with low crime rates)?
Four Seasons Saint Louis,"999 North Second Street, St Louis, MO, 63102, USA",Is this hotel in a safe part of town (e.g. with low crime rates)?
Hilton St. Louis at the Ballpark,"One South Broadway, St Louis, MO, 63102, USA",Is this hotel in a safe part of town (e.g. with low crime rates)?
St. Louis City Center Hotel,"400 South 14th Street, St Louis, MO, 63103, USA",Is this hotel in a safe part of town (e.g. with low crime rates)?
The Chase Park Plaza,"212 North Kingshighway, St Louis, MO, 63108, USA",Is this hotel in a safe part of town (e.g. with low crime rates)?
DoubleTree by Hilton St Louis Union Station,"1820 Market Street, St Louis, MO, 63103, USA",Is this hotel in a safe part of town (e.g. with low crime rates)?
Crowne Plaza St. Louis - Downtown,"200 North Fourth St., St Louis, MO, 63102, USA",Is this hotel in a safe part of town (e.g. with low crime rates)?
Hilton Saint Louis Airport,"10330 Natural Bridge Road, St Louis, MO, 63134, USA",Is this hotel in a safe part of town (e.g. with low crime rates)?
The Westin St Louis,"811 Spruce Street, St Louis, MO, 63102, USA",Is this hotel in a safe part of town (e.g. with low crime rates)?
Hilton St. Louis Downtown at the Arch,"400 Olive Street, St Louis, MO, 63102, USA",Is this hotel in a safe part of town (e.g. with low crime rates)?
Holiday Inn St. Louis - Downtown Conv Ctr,"811 N. 9th Street, St Louis, MO, 63101, USA",Is this hotel in a safe part of town (e.g. with low crime rates)?
Comfort Inn St Louis - Westport,"12031 Lackland Road, St Louis, MO, 63146, USA",Is this hotel in a safe part of town (e.g. with low crime rates)?
Drury Inn & Suites St. Louis Convention Center,"711 North Broadway, St Louis, MO, 63102, USA",Is this hotel in a safe part of town (e.g. with low crime rates)?
Embassy Suites St. Louis - Downtown,"610 N 7th St, St. Louis, MO 63101",Is this hotel in a safe part of town (e.g. with low crime rates)?
Pear Tree Inn St. Louis Near Union Station,"2211 Market Street, St Louis, MO, 63103, USA",Is this hotel in a safe part of town (e.g. with low crime rates)?
Hampton Inn & Suites Saint Louis at Forest Park,"5650 Oakland Avenue, St Louis, MO, 63110, USA",Is this hotel in a safe part of town (e.g. with low crime rates)?
Red Roof Inn St Louis - Forest Park Hampton Avenue,"5823 Wilson Avenue, St Louis, MO, 63110 , USA",Is this hotel in a safe part of town (e.g. with low crime rates)?
Courtyard St Louis Downtown,"2340 Market Street, St Louis, MO, 63103, USA",Is this hotel in a safe part of town (e.g. with low crime rates)?
Drury Inn Saint Louis Union Station,"201 South 20th Street, St Louis, MO, 63103, USA",Is this hotel in a safe part of town (e.g. with low crime rates)?
Hampton Inn & Suites St Louis - South I-55,"4200 MidAmerica Lane, St Louis, MO, 63129, USA",Is this hotel in a safe part of town (e.g. with low crime rates)?
Magnolia St. Louis,"421 North 8th Street, St Louis, MO, 63101, USA",Is this hotel in a safe part of town (e.g. with low crime rates)?
Moonrise,"6177 Delmar in The Loop, St Louis, MO, 63112, USA",Is this hotel in a safe part of town (e.g. with low crime rates)?
Holiday Inn Express St Louis,"2625 Lafayette, St Louis, MO, 63104, USA",Is this hotel in a safe part of town (e.g. with low crime rates)?
Courtyard Saint Louis Westport Plaza,"11888 Westline Industrial Drive, St Louis, MO, 63146, USA",Is this hotel in a safe part of town (e.g. with low crime rates)?
Missouri Athletic Club,"405 Washington Avenue, St Louis, MO, 63102, USA",Is this hotel in a safe part of town (e.g. with low crime rates)?
Best Western Kirkwood Inn,"1200 South Kirkwood Road, St Louis, MO, 63122, USA",Is this hotel in a safe part of town (e.g. with low crime rates)?
Marriott St Louis Airport,"10700 Pear Tree Lane, St Louis, MO, 63134, USA",Is this hotel in a safe part of town (e.g. with low crime rates)?
Hawthorn Suites by Wyndham St Louis Westport Plaza,"1881 Craigshire Road, St Louis, MO, 63146, USA",Is this hotel in a safe part of town (e.g. with low crime rates)?
Renaissance St Louis Airport,"9801 Natural Bridge Road, St Louis, MO, 63134, USA",Is this hotel in a safe part of town (e.g. with low crime rates)?
Best Western St Louis Inn,"6224 Heimos Industrial Park Drive, St Louis, MO, 63129, USA",Is this hotel in a safe part of town (e.g. with low crime rates)?
Marriott St. Louis West,"660 Maryville Centre Drive, St Louis, MO, 63141, USA",Is this hotel in a safe part of town (e.g. with low crime rates)?
River City,"777 River City Casino Blvd, St Louis, MO, 63125, USA",Is this hotel in a safe part of town (e.g. with low crime rates)?
Holiday Inn Express St. Louis Airport - Riverport,"13735 Riverport Drive, St Louis, MO, 63043, USA",Is this hotel in a safe part of town (e.g. with low crime rates)?
Pear Tree Inn St. Louis Airport,"10810 Pear Tree Lane, St Louis, MO, 63074, USA",Is this hotel in a safe part of town (e.g. with low crime rates)?
Courtyard By Marriott St Louis Downtown Convention Center,"827 Washington Ave, St Louis, MO, 63101, USA",Is this hotel in a safe part of town (e.g. with low crime rates)?
The Cheshire,"6300 Clayton Road, St Louis, MO, 63117, USA",Is this hotel in a safe part of town (e.g. with low crime rates)?
Days Inn Downtown St Louis,"2810 North 9th Street, St Louis, MO, 63147, USA",Is this hotel in a safe part of town (e.g. with low crime rates)?
Courtyard St Louis Airport - Earth City,"3101 Rider Trail South, St Louis, MO, 63044, USA",Is this hotel in a safe part of town (e.g. with low crime rates)?
Days Inn St Louis Westport MO,"1970 Craig Road, St Louis, MO, 63146, USA",Is this hotel in a safe part of town (e.g. with low crime rates)?
Fleur-De-Lys Mansion,"3500 Russell Boulevard, St Louis, MO, 63104, USA",Is this hotel in a safe part of town (e.g. with low crime rates)?
Americas Best Value Inn-St. Louis Downtown,"1100 Lumiere Blvd, St Louis, MO, 63102, USA",Is this hotel in a safe part of town (e.g. with low crime rates)?
Holiday Inn St. Louis - Forest Park,"5915 Wilson Avenue, St Louis, MO, 63110, USA",Is this hotel in a safe part of town (e.g. with low crime rates)?
Ignacio,"3411 Olive, St Louis, MO, 63103, USA",Is this hotel in a safe part of town (e.g. with low crime rates)?
Hampton Inn St Louis-Airport,"10820 Pear Tree Lane, St Louis, MO, 63074, USA",Is this hotel in a safe part of town (e.g. with low crime rates)?
Sonesta ES Suites St. Louis,"1855 Craigshire Road, St Louis, MO, 63146, USA",Is this hotel in a safe part of town (e.g. with low crime rates)?
Residence Inn St Louis Galleria,"8011 Galleria Parkway, St Louis, MO, 63117, USA",Is this hotel in a safe part of town (e.g. with low crime rates)?
Sheraton Westport Chalet Saint Louis,"191 Westport Plaza, St Louis, MO, 63146, USA",Is this hotel in a safe part of town (e.g. with low crime rates)?
Holiday Inn St Louis-South County Center,"6921 S Lindbergh Blvd, St Louis, MO, 63125, USA",Is this hotel in a safe part of town (e.g. with low crime rates)?
Holiday Inn St Louis SW - Route66,"10709 Watson Rd., St Louis, MO, 63127, USA",Is this hotel in a safe part of town (e.g. with low crime rates)?
Hampton Inn Saint Louis - Sunset Hills,"1580 South Kirkwood Road, St Louis, MO, 63127, USA",Is this hotel in a safe part of town (e.g. with low crime rates)?
Drury Inn Saint Louis Airport,"10490 Natural Bridge Road, St Louis, MO, 63134, USA",Is this hotel in a safe part of town (e.g. with low crime rates)?
Drury Inn & Suites Near Forest Park,"2111 Sulphur Avenue, St Louis, MO, 63139, USA",Is this hotel in a safe part of town (e.g. with low crime rates)?
Days Inn Saint Louis - Lindbergh Boulevard,"3654 South Lindbergh Boulevard, St Louis, MO, 63127, USA",Is this hotel in a safe part of town (e.g. with low crime rates)?
SpringHill Suites St Louis Airport-Earth City,"3099 Rider Trail South , St Louis, MO, 63044, USA",Is this hotel in a safe part of town (e.g. with low crime rates)?
Holiday Inn Saint Louis-Airport - Oakland PK,"4505 Woodson Road, St Louis, MO, 63134, USA",Is this hotel in a safe part of town (e.g. with low crime rates)?
Hilton St Louis Frontenac,"1335 South Lindbergh Boulevard, St Louis, MO, 63131, USA",Is this hotel in a safe part of town (e.g. with low crime rates)?
Sheraton Westport Plaza,"900 Westport Plaza, St Louis, MO, 63146, USA",Is this hotel in a safe part of town (e.g. with low crime rates)?
Clayton Plaza,"7750 CARONDELET AVENUE, St Louis, MO, 63105, USA",Is this hotel in a safe part of town (e.g. with low crime rates)?
Comfort Inn Central West End,"4630 Lindell Boulevard, St Louis, MO, 63108, USA",Is this hotel in a safe part of town (e.g. with low crime rates)?
Hilton Garden Inn Saint Louis Airport,"4450 Evans Place, St Louis, MO, 63134 , USA",Is this hotel in a safe part of town (e.g. with low crime rates)?
Sheraton Clayton Plaza Saint Louis,"7730 Bonhomme Avenue, St Louis, MO, 63105, USA",Is this hotel in a safe part of town (e.g. with low crime rates)?
Doubletree St Louis at Westport,"1973 Craigshire Road, St Louis, MO, 63146, USA",Is this hotel in a safe part of town (e.g. with low crime rates)?
Lehmann House,"10 Benton Place, St Louis, MO, 63104, USA",Is this hotel in a safe part of town (e.g. with low crime rates)?
Quality Inn Airport,"10232 Natural Bridge Road, St Louis, MO, 631341, USA",Is this hotel in a safe part of town (e.g. with low crime rates)?
Extended Stay America - St. Louis - Westport - Central,"12161 Lackland Road, St Louis, MO, 63146, USA",Is this hotel in a safe part of town (e.g. with low crime rates)?
Home2 Suites By Hilton St. Louis/Forest Park,"920 S. TAYLOR AVENUE, St Louis, MO, 63110, USA",Is this hotel in a safe part of town (e.g. with low crime rates)?
Napoleon's Retreat,"1815 Lafayette Avenue, St Louis, MO, 63104, USA",Is this hotel in a safe part of town (e.g. with low crime rates)?
Motel 6 St Louis - Airport,"4576 Woodson Road, St Louis, MO, 63134, USA",Is this hotel in a safe part of town (e.g. with low crime rates)?
Lodge At Grants Trail,"4398 Hoffmeister Ave, St Louis, MO, 63125, USA",Is this hotel in a safe part of town (e.g. with low crime rates)?
Extended Stay America - St. Louis - Westport - Craig Road,"2030 Craig Road, St Louis, MO, 63146, USA",Is this hotel in a safe part of town (e.g. with low crime rates)?
Grand Center Inn,"3716 Grandel Square, St Louis, MO, 63108, USA",Is this hotel in a safe part of town (e.g. with low crime rates)?
Americas Best Value Inn St. Louis,"1405 Dunn Road, St Louis, MO, 63138, USA",Is this hotel in a safe part of town (e.g. with low crime rates)?
Candlewood Suites Saint Louis,"3250 Rider Trail South, St Louis, MO, 63045, USA",Is this hotel in a safe part of town (e.g. with low crime rates)?
Lumiere Place Casino and Hotel,"901 N 1st St 901, St Louis, MO, 63102, USA",Is this hotel in a safe part of town (e.g. with low crime rates)?
Super 8 St Louis Airport,"9798 Saint Charles Rock Road, St Louis, MO, 63114, USA",Is this hotel in a safe part of town (e.g. with low crime rates)?
Homewood Suites By Hilton St Louis Galleria,"8040 CLAYTON ROAD RICHMOND HEIGHTS, St Louis, MO, 63117, USA",Is this hotel in a safe part of town (e.g. with low crime rates)?
Avyan,"2625 Lafayette Ave, St Louis, MO, 63104, United States",Is this hotel in a safe part of town (e.g. with low crime rates)?
Econo Lodge Southwest,"3730 South Lindbergh Boulevard, St Louis, MO, 63127, USA",Is this hotel in a safe part of town (e.g. with low crime rates)?
Holiday Inn Airport West Earth City,"3400 Rider Trail South, St Louis, MO, 63045, USA",Is this hotel in a safe part of town (e.g. with low crime rates)?
Red Roof Inn St Louis Westport,"11837 Lackland Road, St Louis, MO, 63146, USA",Is this hotel in a safe part of town (e.g. with low crime rates)?
Americas Best Value Inn Saint Louis South,"6602 South Lindbergh Boulevard, St Louis, MO, 63123, USA",Is this hotel in a safe part of town (e.g. with low crime rates)?
Americas Best Value Inn St Louis Airport,"4545 Woodson Road, St Louis, MO, 63134, USA",Is this hotel in a safe part of town (e.g. with low crime rates)?
Homewood Suites by Hilton St. Louis Riverport,"13639 Riverport Dr, St Louis, MO, 63043, USA",Is this hotel in a safe part of town (e.g. with low crime rates)?
Forget-Me-Not Bed And Breakfast,"2712 S Compton Ave, St Louis, MO, 63118, USA",Is this hotel in a safe part of town (e.g. with low crime rates)?
The Ritz-Carlton - St. Louis,"100 Carondelet Plaza, St. Louis, MO 63105",Is this hotel in a safe part of town (e.g. with low crime rates)?
Hyatt Regency St. Louis at The Arch ,"315 Chestnut Street, St Louis, MO, 63102, USA",Are there great views from the rooms of this hotel?
Residence Inn St Louis,"525 South Jefferson Avenue, St Louis, MO, 63103, USA",Are there great views from the rooms of this hotel?
Parkway,"4550 Forest Park Avenue, St Louis, MO, 63108, USA",Are there great views from the rooms of this hotel?
Marriott St. Louis Grand,"800 Washington Avenue, St Louis, MO, 63101, USA",Are there great views from the rooms of this hotel?
Drury Plaza at the Arch,"2 South 4th Street, St Louis, MO, 63102, USA",Are there great views from the rooms of this hotel?
Hampton Inn St Louis Downtown,"333 Washington Avenue, St Louis, MO, 63102, USA",Are there great views from the rooms of this hotel?
Four Seasons Saint Louis,"999 North Second Street, St Louis, MO, 63102, USA",Are there great views from the rooms of this hotel?
Hilton St. Louis at the Ballpark,"One South Broadway, St Louis, MO, 63102, USA",Are there great views from the rooms of this hotel?
St. Louis City Center Hotel,"400 South 14th Street, St Louis, MO, 63103, USA",Are there great views from the rooms of this hotel?
The Chase Park Plaza,"212 North Kingshighway, St Louis, MO, 63108, USA",Are there great views from the rooms of this hotel?
DoubleTree by Hilton St Louis Union Station,"1820 Market Street, St Louis, MO, 63103, USA",Are there great views from the rooms of this hotel?
Crowne Plaza St. Louis - Downtown,"200 North Fourth St., St Louis, MO, 63102, USA",Are there great views from the rooms of this hotel?
Hilton Saint Louis Airport,"10330 Natural Bridge Road, St Louis, MO, 63134, USA",Are there great views from the rooms of this hotel?
The Westin St Louis,"811 Spruce Street, St Louis, MO, 63102, USA",Are there great views from the rooms of this hotel?
Hilton St. Louis Downtown at the Arch,"400 Olive Street, St Louis, MO, 63102, USA",Are there great views from the rooms of this hotel?
Holiday Inn St. Louis - Downtown Conv Ctr,"811 N. 9th Street, St Louis, MO, 63101, USA",Are there great views from the rooms of this hotel?
Comfort Inn St Louis - Westport,"12031 Lackland Road, St Louis, MO, 63146, USA",Are there great views from the rooms of this hotel?
Drury Inn & Suites St. Louis Convention Center,"711 North Broadway, St Louis, MO, 63102, USA",Are there great views from the rooms of this hotel?
Embassy Suites St. Louis - Downtown,"610 N 7th St, St. Louis, MO 63101",Are there great views from the rooms of this hotel?
Pear Tree Inn St. Louis Near Union Station,"2211 Market Street, St Louis, MO, 63103, USA",Are there great views from the rooms of this hotel?
Hampton Inn & Suites Saint Louis at Forest Park,"5650 Oakland Avenue, St Louis, MO, 63110, USA",Are there great views from the rooms of this hotel?
Red Roof Inn St Louis - Forest Park Hampton Avenue,"5823 Wilson Avenue, St Louis, MO, 63110 , USA",Are there great views from the rooms of this hotel?
Courtyard St Louis Downtown,"2340 Market Street, St Louis, MO, 63103, USA",Are there great views from the rooms of this hotel?
Drury Inn Saint Louis Union Station,"201 South 20th Street, St Louis, MO, 63103, USA",Are there great views from the rooms of this hotel?
Hampton Inn & Suites St Louis - South I-55,"4200 MidAmerica Lane, St Louis, MO, 63129, USA",Are there great views from the rooms of this hotel?
Magnolia St. Louis,"421 North 8th Street, St Louis, MO, 63101, USA",Are there great views from the rooms of this hotel?
Moonrise,"6177 Delmar in The Loop, St Louis, MO, 63112, USA",Are there great views from the rooms of this hotel?
Holiday Inn Express St Louis,"2625 Lafayette, St Louis, MO, 63104, USA",Are there great views from the rooms of this hotel?
Courtyard Saint Louis Westport Plaza,"11888 Westline Industrial Drive, St Louis, MO, 63146, USA",Are there great views from the rooms of this hotel?
Missouri Athletic Club,"405 Washington Avenue, St Louis, MO, 63102, USA",Are there great views from the rooms of this hotel?
Best Western Kirkwood Inn,"1200 South Kirkwood Road, St Louis, MO, 63122, USA",Are there great views from the rooms of this hotel?
Marriott St Louis Airport,"10700 Pear Tree Lane, St Louis, MO, 63134, USA",Are there great views from the rooms of this hotel?
Hawthorn Suites by Wyndham St Louis Westport Plaza,"1881 Craigshire Road, St Louis, MO, 63146, USA",Are there great views from the rooms of this hotel?
Renaissance St Louis Airport,"9801 Natural Bridge Road, St Louis, MO, 63134, USA",Are there great views from the rooms of this hotel?
Best Western St Louis Inn,"6224 Heimos Industrial Park Drive, St Louis, MO, 63129, USA",Are there great views from the rooms of this hotel?
Marriott St. Louis West,"660 Maryville Centre Drive, St Louis, MO, 63141, USA",Are there great views from the rooms of this hotel?
River City,"777 River City Casino Blvd, St Louis, MO, 63125, USA",Are there great views from the rooms of this hotel?
Holiday Inn Express St. Louis Airport - Riverport,"13735 Riverport Drive, St Louis, MO, 63043, USA",Are there great views from the rooms of this hotel?
Pear Tree Inn St. Louis Airport,"10810 Pear Tree Lane, St Louis, MO, 63074, USA",Are there great views from the rooms of this hotel?
Courtyard By Marriott St Louis Downtown Convention Center,"827 Washington Ave, St Louis, MO, 63101, USA",Are there great views from the rooms of this hotel?
The Cheshire,"6300 Clayton Road, St Louis, MO, 63117, USA",Are there great views from the rooms of this hotel?
Days Inn Downtown St Louis,"2810 North 9th Street, St Louis, MO, 63147, USA",Are there great views from the rooms of this hotel?
Courtyard St Louis Airport - Earth City,"3101 Rider Trail South, St Louis, MO, 63044, USA",Are there great views from the rooms of this hotel?
Days Inn St Louis Westport MO,"1970 Craig Road, St Louis, MO, 63146, USA",Are there great views from the rooms of this hotel?
Fleur-De-Lys Mansion,"3500 Russell Boulevard, St Louis, MO, 63104, USA",Are there great views from the rooms of this hotel?
Americas Best Value Inn-St. Louis Downtown,"1100 Lumiere Blvd, St Louis, MO, 63102, USA",Are there great views from the rooms of this hotel?
Holiday Inn St. Louis - Forest Park,"5915 Wilson Avenue, St Louis, MO, 63110, USA",Are there great views from the rooms of this hotel?
Ignacio,"3411 Olive, St Louis, MO, 63103, USA",Are there great views from the rooms of this hotel?
Hampton Inn St Louis-Airport,"10820 Pear Tree Lane, St Louis, MO, 63074, USA",Are there great views from the rooms of this hotel?
Sonesta ES Suites St. Louis,"1855 Craigshire Road, St Louis, MO, 63146, USA",Are there great views from the rooms of this hotel?
Residence Inn St Louis Galleria,"8011 Galleria Parkway, St Louis, MO, 63117, USA",Are there great views from the rooms of this hotel?
Sheraton Westport Chalet Saint Louis,"191 Westport Plaza, St Louis, MO, 63146, USA",Are there great views from the rooms of this hotel?
Holiday Inn St Louis-South County Center,"6921 S Lindbergh Blvd, St Louis, MO, 63125, USA",Are there great views from the rooms of this hotel?
Holiday Inn St Louis SW - Route66,"10709 Watson Rd., St Louis, MO, 63127, USA",Are there great views from the rooms of this hotel?
Hampton Inn Saint Louis - Sunset Hills,"1580 South Kirkwood Road, St Louis, MO, 63127, USA",Are there great views from the rooms of this hotel?
Drury Inn Saint Louis Airport,"10490 Natural Bridge Road, St Louis, MO, 63134, USA",Are there great views from the rooms of this hotel?
Drury Inn & Suites Near Forest Park,"2111 Sulphur Avenue, St Louis, MO, 63139, USA",Are there great views from the rooms of this hotel?
Days Inn Saint Louis - Lindbergh Boulevard,"3654 South Lindbergh Boulevard, St Louis, MO, 63127, USA",Are there great views from the rooms of this hotel?
SpringHill Suites St Louis Airport-Earth City,"3099 Rider Trail South , St Louis, MO, 63044, USA",Are there great views from the rooms of this hotel?
Holiday Inn Saint Louis-Airport - Oakland PK,"4505 Woodson Road, St Louis, MO, 63134, USA",Are there great views from the rooms of this hotel?
Hilton St Louis Frontenac,"1335 South Lindbergh Boulevard, St Louis, MO, 63131, USA",Are there great views from the rooms of this hotel?
Sheraton Westport Plaza,"900 Westport Plaza, St Louis, MO, 63146, USA",Are there great views from the rooms of this hotel?
Clayton Plaza,"7750 CARONDELET AVENUE, St Louis, MO, 63105, USA",Are there great views from the rooms of this hotel?
Comfort Inn Central West End,"4630 Lindell Boulevard, St Louis, MO, 63108, USA",Are there great views from the rooms of this hotel?
Hilton Garden Inn Saint Louis Airport,"4450 Evans Place, St Louis, MO, 63134 , USA",Are there great views from the rooms of this hotel?
Sheraton Clayton Plaza Saint Louis,"7730 Bonhomme Avenue, St Louis, MO, 63105, USA",Are there great views from the rooms of this hotel?
Doubletree St Louis at Westport,"1973 Craigshire Road, St Louis, MO, 63146, USA",Are there great views from the rooms of this hotel?
Lehmann House,"10 Benton Place, St Louis, MO, 63104, USA",Are there great views from the rooms of this hotel?
Quality Inn Airport,"10232 Natural Bridge Road, St Louis, MO, 631341, USA",Are there great views from the rooms of this hotel?
Extended Stay America - St. Louis - Westport - Central,"12161 Lackland Road, St Louis, MO, 63146, USA",Are there great views from the rooms of this hotel?
Home2 Suites By Hilton St. Louis/Forest Park,"920 S. TAYLOR AVENUE, St Louis, MO, 63110, USA",Are there great views from the rooms of this hotel?
Napoleon's Retreat,"1815 Lafayette Avenue, St Louis, MO, 63104, USA",Are there great views from the rooms of this hotel?
Motel 6 St Louis - Airport,"4576 Woodson Road, St Louis, MO, 63134, USA",Are there great views from the rooms of this hotel?
Lodge At Grants Trail,"4398 Hoffmeister Ave, St Louis, MO, 63125, USA",Are there great views from the rooms of this hotel?
Extended Stay America - St. Louis - Westport - Craig Road,"2030 Craig Road, St Louis, MO, 63146, USA",Are there great views from the rooms of this hotel?
Grand Center Inn,"3716 Grandel Square, St Louis, MO, 63108, USA",Are there great views from the rooms of this hotel?
Americas Best Value Inn St. Louis,"1405 Dunn Road, St Louis, MO, 63138, USA",Are there great views from the rooms of this hotel?
Candlewood Suites Saint Louis,"3250 Rider Trail South, St Louis, MO, 63045, USA",Are there great views from the rooms of this hotel?
Lumiere Place Casino and Hotel,"901 N 1st St 901, St Louis, MO, 63102, USA",Are there great views from the rooms of this hotel?
Super 8 St Louis Airport,"9798 Saint Charles Rock Road, St Louis, MO, 63114, USA",Are there great views from the rooms of this hotel?
Homewood Suites By Hilton St Louis Galleria,"8040 CLAYTON ROAD RICHMOND HEIGHTS, St Louis, MO, 63117, USA",Are there great views from the rooms of this hotel?
Avyan,"2625 Lafayette Ave, St Louis, MO, 63104, United States",Are there great views from the rooms of this hotel?
Econo Lodge Southwest,"3730 South Lindbergh Boulevard, St Louis, MO, 63127, USA",Are there great views from the rooms of this hotel?
Holiday Inn Airport West Earth City,"3400 Rider Trail South, St Louis, MO, 63045, USA",Are there great views from the rooms of this hotel?
Red Roof Inn St Louis Westport,"11837 Lackland Road, St Louis, MO, 63146, USA",Are there great views from the rooms of this hotel?
Americas Best Value Inn Saint Louis South,"6602 South Lindbergh Boulevard, St Louis, MO, 63123, USA",Are there great views from the rooms of this hotel?
Americas Best Value Inn St Louis Airport,"4545 Woodson Road, St Louis, MO, 63134, USA",Are there great views from the rooms of this hotel?
Homewood Suites by Hilton St. Louis Riverport,"13639 Riverport Dr, St Louis, MO, 63043, USA",Are there great views from the rooms of this hotel?
Forget-Me-Not Bed And Breakfast,"2712 S Compton Ave, St Louis, MO, 63118, USA",Are there great views from the rooms of this hotel?
The Ritz-Carlton - St. Louis,"100 Carondelet Plaza, St. Louis, MO 63105",Are there great views from the rooms of this hotel?
Hyatt Regency St. Louis at The Arch ,"315 Chestnut Street, St Louis, MO, 63102, USA",Are the rooms of this hotel reasonably comfortable?
Residence Inn St Louis,"525 South Jefferson Avenue, St Louis, MO, 63103, USA",Are the rooms of this hotel reasonably comfortable?
Parkway,"4550 Forest Park Avenue, St Louis, MO, 63108, USA",Are the rooms of this hotel reasonably comfortable?
Marriott St. Louis Grand,"800 Washington Avenue, St Louis, MO, 63101, USA",Are the rooms of this hotel reasonably comfortable?
Drury Plaza at the Arch,"2 South 4th Street, St Louis, MO, 63102, USA",Are the rooms of this hotel reasonably comfortable?
Hampton Inn St Louis Downtown,"333 Washington Avenue, St Louis, MO, 63102, USA",Are the rooms of this hotel reasonably comfortable?
Four Seasons Saint Louis,"999 North Second Street, St Louis, MO, 63102, USA",Are the rooms of this hotel reasonably comfortable?
Hilton St. Louis at the Ballpark,"One South Broadway, St Louis, MO, 63102, USA",Are the rooms of this hotel reasonably comfortable?
St. Louis City Center Hotel,"400 South 14th Street, St Louis, MO, 63103, USA",Are the rooms of this hotel reasonably comfortable?
The Chase Park Plaza,"212 North Kingshighway, St Louis, MO, 63108, USA",Are the rooms of this hotel reasonably comfortable?
DoubleTree by Hilton St Louis Union Station,"1820 Market Street, St Louis, MO, 63103, USA",Are the rooms of this hotel reasonably comfortable?
Crowne Plaza St. Louis - Downtown,"200 North Fourth St., St Louis, MO, 63102, USA",Are the rooms of this hotel reasonably comfortable?
Hilton Saint Louis Airport,"10330 Natural Bridge Road, St Louis, MO, 63134, USA",Are the rooms of this hotel reasonably comfortable?
The Westin St Louis,"811 Spruce Street, St Louis, MO, 63102, USA",Are the rooms of this hotel reasonably comfortable?
Hilton St. Louis Downtown at the Arch,"400 Olive Street, St Louis, MO, 63102, USA",Are the rooms of this hotel reasonably comfortable?
Holiday Inn St. Louis - Downtown Conv Ctr,"811 N. 9th Street, St Louis, MO, 63101, USA",Are the rooms of this hotel reasonably comfortable?
Comfort Inn St Louis - Westport,"12031 Lackland Road, St Louis, MO, 63146, USA",Are the rooms of this hotel reasonably comfortable?
Drury Inn & Suites St. Louis Convention Center,"711 North Broadway, St Louis, MO, 63102, USA",Are the rooms of this hotel reasonably comfortable?
Embassy Suites St. Louis - Downtown,"610 N 7th St, St. Louis, MO 63101",Are the rooms of this hotel reasonably comfortable?
Pear Tree Inn St. Louis Near Union Station,"2211 Market Street, St Louis, MO, 63103, USA",Are the rooms of this hotel reasonably comfortable?
Hampton Inn & Suites Saint Louis at Forest Park,"5650 Oakland Avenue, St Louis, MO, 63110, USA",Are the rooms of this hotel reasonably comfortable?
Red Roof Inn St Louis - Forest Park Hampton Avenue,"5823 Wilson Avenue, St Louis, MO, 63110 , USA",Are the rooms of this hotel reasonably comfortable?
Courtyard St Louis Downtown,"2340 Market Street, St Louis, MO, 63103, USA",Are the rooms of this hotel reasonably comfortable?
Drury Inn Saint Louis Union Station,"201 South 20th Street, St Louis, MO, 63103, USA",Are the rooms of this hotel reasonably comfortable?
Hampton Inn & Suites St Louis - South I-55,"4200 MidAmerica Lane, St Louis, MO, 63129, USA",Are the rooms of this hotel reasonably comfortable?
Magnolia St. Louis,"421 North 8th Street, St Louis, MO, 63101, USA",Are the rooms of this hotel reasonably comfortable?
Moonrise,"6177 Delmar in The Loop, St Louis, MO, 63112, USA",Are the rooms of this hotel reasonably comfortable?
Holiday Inn Express St Louis,"2625 Lafayette, St Louis, MO, 63104, USA",Are the rooms of this hotel reasonably comfortable?
Courtyard Saint Louis Westport Plaza,"11888 Westline Industrial Drive, St Louis, MO, 63146, USA",Are the rooms of this hotel reasonably comfortable?
Missouri Athletic Club,"405 Washington Avenue, St Louis, MO, 63102, USA",Are the rooms of this hotel reasonably comfortable?
Best Western Kirkwood Inn,"1200 South Kirkwood Road, St Louis, MO, 63122, USA",Are the rooms of this hotel reasonably comfortable?
Marriott St Louis Airport,"10700 Pear Tree Lane, St Louis, MO, 63134, USA",Are the rooms of this hotel reasonably comfortable?
Hawthorn Suites by Wyndham St Louis Westport Plaza,"1881 Craigshire Road, St Louis, MO, 63146, USA",Are the rooms of this hotel reasonably comfortable?
Renaissance St Louis Airport,"9801 Natural Bridge Road, St Louis, MO, 63134, USA",Are the rooms of this hotel reasonably comfortable?
Best Western St Louis Inn,"6224 Heimos Industrial Park Drive, St Louis, MO, 63129, USA",Are the rooms of this hotel reasonably comfortable?
Marriott St. Louis West,"660 Maryville Centre Drive, St Louis, MO, 63141, USA",Are the rooms of this hotel reasonably comfortable?
River City,"777 River City Casino Blvd, St Louis, MO, 63125, USA",Are the rooms of this hotel reasonably comfortable?
Holiday Inn Express St. Louis Airport - Riverport,"13735 Riverport Drive, St Louis, MO, 63043, USA",Are the rooms of this hotel reasonably comfortable?
Pear Tree Inn St. Louis Airport,"10810 Pear Tree Lane, St Louis, MO, 63074, USA",Are the rooms of this hotel reasonably comfortable?
Courtyard By Marriott St Louis Downtown Convention Center,"827 Washington Ave, St Louis, MO, 63101, USA",Are the rooms of this hotel reasonably comfortable?
The Cheshire,"6300 Clayton Road, St Louis, MO, 63117, USA",Are the rooms of this hotel reasonably comfortable?
Days Inn Downtown St Louis,"2810 North 9th Street, St Louis, MO, 63147, USA",Are the rooms of this hotel reasonably comfortable?
Courtyard St Louis Airport - Earth City,"3101 Rider Trail South, St Louis, MO, 63044, USA",Are the rooms of this hotel reasonably comfortable?
Days Inn St Louis Westport MO,"1970 Craig Road, St Louis, MO, 63146, USA",Are the rooms of this hotel reasonably comfortable?
Fleur-De-Lys Mansion,"3500 Russell Boulevard, St Louis, MO, 63104, USA",Are the rooms of this hotel reasonably comfortable?
Americas Best Value Inn-St. Louis Downtown,"1100 Lumiere Blvd, St Louis, MO, 63102, USA",Are the rooms of this hotel reasonably comfortable?
Holiday Inn St. Louis - Forest Park,"5915 Wilson Avenue, St Louis, MO, 63110, USA",Are the rooms of this hotel reasonably comfortable?
Ignacio,"3411 Olive, St Louis, MO, 63103, USA",Are the rooms of this hotel reasonably comfortable?
Hampton Inn St Louis-Airport,"10820 Pear Tree Lane, St Louis, MO, 63074, USA",Are the rooms of this hotel reasonably comfortable?
Sonesta ES Suites St. Louis,"1855 Craigshire Road, St Louis, MO, 63146, USA",Are the rooms of this hotel reasonably comfortable?
Residence Inn St Louis Galleria,"8011 Galleria Parkway, St Louis, MO, 63117, USA",Are the rooms of this hotel reasonably comfortable?
Sheraton Westport Chalet Saint Louis,"191 Westport Plaza, St Louis, MO, 63146, USA",Are the rooms of this hotel reasonably comfortable?
Holiday Inn St Louis-South County Center,"6921 S Lindbergh Blvd, St Louis, MO, 63125, USA",Are the rooms of this hotel reasonably comfortable?
Holiday Inn St Louis SW - Route66,"10709 Watson Rd., St Louis, MO, 63127, USA",Are the rooms of this hotel reasonably comfortable?
Hampton Inn Saint Louis - Sunset Hills,"1580 South Kirkwood Road, St Louis, MO, 63127, USA",Are the rooms of this hotel reasonably comfortable?
Drury Inn Saint Louis Airport,"10490 Natural Bridge Road, St Louis, MO, 63134, USA",Are the rooms of this hotel reasonably comfortable?
Drury Inn & Suites Near Forest Park,"2111 Sulphur Avenue, St Louis, MO, 63139, USA",Are the rooms of this hotel reasonably comfortable?
Days Inn Saint Louis - Lindbergh Boulevard,"3654 South Lindbergh Boulevard, St Louis, MO, 63127, USA",Are the rooms of this hotel reasonably comfortable?
SpringHill Suites St Louis Airport-Earth City,"3099 Rider Trail South , St Louis, MO, 63044, USA",Are the rooms of this hotel reasonably comfortable?
Holiday Inn Saint Louis-Airport - Oakland PK,"4505 Woodson Road, St Louis, MO, 63134, USA",Are the rooms of this hotel reasonably comfortable?
Hilton St Louis Frontenac,"1335 South Lindbergh Boulevard, St Louis, MO, 63131, USA",Are the rooms of this hotel reasonably comfortable?
Sheraton Westport Plaza,"900 Westport Plaza, St Louis, MO, 63146, USA",Are the rooms of this hotel reasonably comfortable?
Clayton Plaza,"7750 CARONDELET AVENUE, St Louis, MO, 63105, USA",Are the rooms of this hotel reasonably comfortable?
Comfort Inn Central West End,"4630 Lindell Boulevard, St Louis, MO, 63108, USA",Are the rooms of this hotel reasonably comfortable?
Hilton Garden Inn Saint Louis Airport,"4450 Evans Place, St Louis, MO, 63134 , USA",Are the rooms of this hotel reasonably comfortable?
Sheraton Clayton Plaza Saint Louis,"7730 Bonhomme Avenue, St Louis, MO, 63105, USA",Are the rooms of this hotel reasonably comfortable?
Doubletree St Louis at Westport,"1973 Craigshire Road, St Louis, MO, 63146, USA",Are the rooms of this hotel reasonably comfortable?
Lehmann House,"10 Benton Place, St Louis, MO, 63104, USA",Are the rooms of this hotel reasonably comfortable?
Quality Inn Airport,"10232 Natural Bridge Road, St Louis, MO, 631341, USA",Are the rooms of this hotel reasonably comfortable?
Extended Stay America - St. Louis - Westport - Central,"12161 Lackland Road, St Louis, MO, 63146, USA",Are the rooms of this hotel reasonably comfortable?
Home2 Suites By Hilton St. Louis/Forest Park,"920 S. TAYLOR AVENUE, St Louis, MO, 63110, USA",Are the rooms of this hotel reasonably comfortable?
Napoleon's Retreat,"1815 Lafayette Avenue, St Louis, MO, 63104, USA",Are the rooms of this hotel reasonably comfortable?
Motel 6 St Louis - Airport,"4576 Woodson Road, St Louis, MO, 63134, USA",Are the rooms of this hotel reasonably comfortable?
Lodge At Grants Trail,"4398 Hoffmeister Ave, St Louis, MO, 63125, USA",Are the rooms of this hotel reasonably comfortable?
Extended Stay America - St. Louis - Westport - Craig Road,"2030 Craig Road, St Louis, MO, 63146, USA",Are the rooms of this hotel reasonably comfortable?
Grand Center Inn,"3716 Grandel Square, St Louis, MO, 63108, USA",Are the rooms of this hotel reasonably comfortable?
Americas Best Value Inn St. Louis,"1405 Dunn Road, St Louis, MO, 63138, USA",Are the rooms of this hotel reasonably comfortable?
Candlewood Suites Saint Louis,"3250 Rider Trail South, St Louis, MO, 63045, USA",Are the rooms of this hotel reasonably comfortable?
Lumiere Place Casino and Hotel,"901 N 1st St 901, St Louis, MO, 63102, USA",Are the rooms of this hotel reasonably comfortable?
Super 8 St Louis Airport,"9798 Saint Charles Rock Road, St Louis, MO, 63114, USA",Are the rooms of this hotel reasonably comfortable?
Homewood Suites By Hilton St Louis Galleria,"8040 CLAYTON ROAD RICHMOND HEIGHTS, St Louis, MO, 63117, USA",Are the rooms of this hotel reasonably comfortable?
Avyan,"2625 Lafayette Ave, St Louis, MO, 63104, United States",Are the rooms of this hotel reasonably comfortable?
Econo Lodge Southwest,"3730 South Lindbergh Boulevard, St Louis, MO, 63127, USA",Are the rooms of this hotel reasonably comfortable?
Holiday Inn Airport West Earth City,"3400 Rider Trail South, St Louis, MO, 63045, USA",Are the rooms of this hotel reasonably comfortable?
Red Roof Inn St Louis Westport,"11837 Lackland Road, St Louis, MO, 63146, USA",Are the rooms of this hotel reasonably comfortable?
Americas Best Value Inn Saint Louis South,"6602 South Lindbergh Boulevard, St Louis, MO, 63123, USA",Are the rooms of this hotel reasonably comfortable?
Americas Best Value Inn St Louis Airport,"4545 Woodson Road, St Louis, MO, 63134, USA",Are the rooms of this hotel reasonably comfortable?
Homewood Suites by Hilton St. Louis Riverport,"13639 Riverport Dr, St Louis, MO, 63043, USA",Are the rooms of this hotel reasonably comfortable?
Forget-Me-Not Bed And Breakfast,"2712 S Compton Ave, St Louis, MO, 63118, USA",Are the rooms of this hotel reasonably comfortable?
The Ritz-Carlton - St. Louis,"100 Carondelet Plaza, St. Louis, MO 63105",Are the rooms of this hotel reasonably comfortable?
